G153	G1	1
G139	G2	1
G265	G2	1
G278	G2	1
G416	G2	1
G519	G2	1
G598	G2	1
G607	G2	1
G691	G2	1
G718	G2	1
G768	G2	1
G800	G2	1
G862	G2	1
G873	G2	1
G76	G3	1
G662	G3	1
G719	G3	1
G782	G3	1
G796	G3	1
G914	G3	1
G60	G4	1
G61	G4	1
G74	G4	1
G180	G4	1
G192	G4	1
G212	G4	1
G214	G4	1
G221	G4	1
G280	G4	1
G319	G4	1
G347	G4	1
G354	G4	1
G425	G4	1
G437	G4	1
G446	G4	1
G484	G4	1
G527	G4	1
G549	G4	1
G594	G4	1
G618	G4	1
G621	G4	1
G808	G4	1
G826	G4	1
G864	G4	1
G923	G4	1
G991	G4	1
G422	G5	1
G449	G5	1
G28	G6	1
G42	G6	1
G44	G6	1
G63	G6	1
G168	G6	1
G177	G6	1
G219	G6	1
G222	G6	1
G342	G6	1
G520	G6	1
G534	G6	1
G616	G6	1
G640	G6	1
G661	G6	1
G681	G6	1
G688	G6	1
G699	G6	1
G812	G6	1
G823	G6	1
G852	G6	1
G877	G6	1
G890	G6	1
G30	G7	1
G31	G7	1
G38	G7	1
G55	G7	1
G187	G7	1
G195	G7	1
G218	G7	1
G336	G7	1
G508	G7	1
G537	G7	1
G571	G7	1
G649	G7	1
G700	G7	1
G749	G7	1
G853	G7	1
G870	G7	1
G935	G7	1
G976	G7	1
G195	G8	1
G423	G8	1
G766	G8	1
G956	G8	1
G970	G8	1
G975	G8	1
G55	G9	1
G336	G9	1
G219	G10	1
G722	G10	1
G877	G10	1
G116	G11	1
G219	G11	1
G636	G11	1
G690	G11	1
G744	G11	1
G11	G12	1
G140	G12	1
G349	G12	1
G611	G12	1
G854	G12	1
G884	G12	1
G112	G13	1
G262	G13	1
G322	G13	1
G381	G13	1
G461	G13	1
G625	G13	1
G61	G14	1
G189	G14	1
G227	G14	1
G280	G14	1
G283	G14	1
G402	G14	1
G439	G14	1
G465	G14	1
G484	G14	1
G594	G14	1
G601	G14	1
G668	G14	1
G739	G14	1
G745	G14	1
G808	G14	1
G825	G14	1
G864	G14	1
G55	G16	1
G336	G16	1
G380	G16	1
G814	G16	1
G74	G17	1
G214	G17	1
G221	G17	1
G280	G17	1
G344	G17	1
G424	G17	1
G446	G17	1
G447	G17	1
G484	G17	1
G509	G17	1
G549	G17	1
G601	G17	1
G621	G17	1
G745	G17	1
G748	G17	1
G808	G17	1
G854	G17	1
G909	G17	1
G991	G17	1
G996	G17	1
G31	G18	1
G219	G18	1
G520	G18	1
G877	G18	1
G37	G19	1
G352	G19	1
G449	G19	1
G571	G19	1
G810	G19	1
G983	G19	1
G105	G20	1
G479	G20	1
G699	G20	1
G779	G20	1
G947	G20	1
G8	G21	1
G133	G21	1
G165	G21	1
G195	G21	1
G274	G21	1
G423	G21	1
G877	G21	1
G956	G21	1
G975	G21	1
G112	G22	1
G322	G22	1
G390	G22	1
G461	G22	1
G971	G22	1
G5	G23	1
G30	G23	1
G38	G23	1
G116	G23	1
G218	G23	1
G220	G23	1
G318	G23	1
G336	G23	1
G484	G23	1
G715	G23	1
G769	G23	1
G781	G23	1
G853	G23	1
G889	G23	1
G896	G23	1
G910	G23	1
G935	G23	1
G967	G23	1
G201	G24	1
G216	G24	1
G511	G24	1
G563	G24	1
G609	G24	1
G678	G24	1
G745	G24	1
G780	G24	1
G876	G24	1
G893	G24	1
G894	G24	1
G911	G24	1
G219	G25	1
G877	G25	1
G84	G26	1
G234	G26	1
G301	G26	1
G304	G26	1
G332	G26	1
G373	G26	1
G777	G26	1
G779	G26	1
G815	G26	1
G854	G26	1
G982	G26	1
G84	G27	1
G460	G27	1
G479	G27	1
G602	G27	1
G779	G27	1
G219	G28	1
G877	G28	1
G8	G29	1
G165	G29	1
G186	G29	1
G195	G29	1
G273	G29	1
G330	G29	1
G379	G29	1
G399	G29	1
G423	G29	1
G474	G29	1
G514	G29	1
G766	G29	1
G783	G29	1
G859	G29	1
G917	G29	1
G956	G29	1
G970	G29	1
G55	G30	1
G141	G30	1
G336	G30	1
G380	G30	1
G769	G30	1
G814	G30	1
G855	G30	1
G449	G31	1
G131	G32	1
G245	G32	1
G269	G32	1
G299	G32	1
G535	G32	1
G685	G32	1
G898	G32	1
G28	G33	1
G116	G33	1
G219	G33	1
G239	G33	1
G342	G33	1
G416	G33	1
G546	G33	1
G616	G33	1
G623	G33	1
G636	G33	1
G681	G33	1
G690	G33	1
G812	G33	1
G963	G33	1
G988	G33	1
G943	G34	1
G77	G35	1
G95	G35	1
G125	G35	1
G333	G35	1
G386	G35	1
G538	G35	1
G556	G35	1
G652	G35	1
G660	G35	1
G712	G35	1
G762	G35	1
G784	G35	1
G814	G35	1
G865	G35	1
G976	G36	1
G422	G37	1
G449	G37	1
G55	G38	1
G380	G38	1
G814	G38	1
G85	G39	1
G381	G39	1
G609	G39	1
G617	G39	1
G769	G39	1
G780	G39	1
G893	G39	1
G894	G39	1
G928	G39	1
G554	G40	1
G66	G41	1
G431	G41	1
G484	G41	1
G510	G41	1
G530	G41	1
G845	G41	1
G969	G41	1
G987	G41	1
G219	G42	1
G274	G42	1
G877	G42	1
G109	G43	1
G121	G43	1
G155	G43	1
G491	G43	1
G662	G43	1
G782	G43	1
G846	G43	1
G31	G44	1
G219	G44	1
G534	G44	1
G690	G44	1
G719	G44	1
G877	G44	1
G484	G45	1
G808	G45	1
G996	G45	1
G31	G46	1
G168	G46	1
G219	G46	1
G534	G46	1
G636	G46	1
G988	G46	1
G85	G47	1
G349	G47	1
G381	G47	1
G609	G47	1
G780	G47	1
G876	G47	1
G894	G47	1
G84	G49	1
G105	G49	1
G243	G49	1
G385	G49	1
G428	G49	1
G479	G49	1
G517	G49	1
G676	G49	1
G742	G49	1
G195	G51	1
G423	G51	1
G274	G52	1
G808	G52	1
G31	G53	1
G105	G53	1
G137	G53	1
G676	G53	1
G274	G54	1
G808	G54	1
G36	G55	1
G141	G55	1
G187	G55	1
G288	G55	1
G336	G55	1
G571	G55	1
G682	G55	1
G701	G55	1
G761	G55	1
G853	G55	1
G855	G55	1
G870	G55	1
G927	G55	1
G955	G55	1
G976	G55	1
G50	G56	1
G122	G56	1
G261	G56	1
G277	G56	1
G429	G56	1
G461	G56	1
G654	G56	1
G827	G56	1
G891	G56	1
G897	G56	1
G85	G57	1
G893	G57	1
G140	G58	1
G274	G58	1
G425	G58	1
G884	G58	1
G894	G58	1
G965	G58	1
G55	G59	1
G141	G59	1
G336	G59	1
G347	G59	1
G380	G59	1
G761	G59	1
G781	G59	1
G814	G59	1
G818	G59	1
G855	G59	1
G910	G59	1
G942	G59	1
G945	G59	1
G976	G59	1
G95	G60	1
G808	G60	1
G808	G61	1
G5	G62	1
G37	G62	1
G246	G62	1
G422	G62	1
G449	G62	1
G612	G62	1
G722	G62	1
G85	G64	1
G893	G64	1
G895	G64	1
G85	G65	1
G381	G65	1
G563	G65	1
G609	G65	1
G893	G65	1
G894	G65	1
G898	G65	1
G911	G65	1
G31	G66	1
G211	G66	1
G252	G66	1
G325	G66	1
G406	G66	1
G431	G66	1
G455	G66	1
G499	G66	1
G515	G66	1
G637	G66	1
G710	G66	1
G766	G66	1
G845	G66	1
G934	G66	1
G969	G66	1
G987	G66	1
G999	G66	1
G84	G67	1
G947	G67	1
G55	G68	1
G814	G68	1
G976	G68	1
G893	G69	1
G12	G70	1
G84	G70	1
G209	G70	1
G676	G70	1
G742	G70	1
G910	G70	1
G85	G71	1
G381	G71	1
G609	G71	1
G893	G71	1
G928	G71	1
G218	G72	1
G336	G72	1
G380	G72	1
G537	G72	1
G611	G72	1
G761	G72	1
G769	G72	1
G781	G72	1
G814	G72	1
G855	G72	1
G910	G72	1
G461	G73	1
G808	G74	1
G5	G75	1
G422	G75	1
G449	G75	1
G722	G75	1
G43	G76	1
G109	G76	1
G121	G76	1
G367	G76	1
G419	G76	1
G427	G76	1
G491	G76	1
G496	G76	1
G603	G76	1
G614	G76	1
G651	G76	1
G662	G76	1
G782	G76	1
G846	G76	1
G914	G76	1
G140	G77	1
G693	G77	1
G902	G77	1
G947	G78	1
G50	G79	1
G112	G79	1
G322	G79	1
G461	G79	1
G625	G79	1
G36	G80	1
G38	G80	1
G55	G80	1
G59	G80	1
G183	G80	1
G218	G80	1
G281	G80	1
G318	G80	1
G336	G80	1
G380	G80	1
G526	G80	1
G537	G80	1
G586	G80	1
G631	G80	1
G649	G80	1
G657	G80	1
G701	G80	1
G715	G80	1
G759	G80	1
G761	G80	1
G769	G80	1
G781	G80	1
G814	G80	1
G853	G80	1
G910	G80	1
G938	G80	1
G116	G81	1
G534	G81	1
G744	G81	1
G877	G81	1
G219	G82	1
G5	G83	1
G37	G83	1
G92	G83	1
G129	G83	1
G315	G83	1
G316	G83	1
G327	G83	1
G422	G83	1
G506	G83	1
G584	G83	1
G612	G83	1
G636	G83	1
G795	G83	1
G820	G83	1
G893	G85	1
G115	G87	1
G156	G87	1
G186	G87	1
G195	G87	1
G206	G87	1
G258	G87	1
G330	G87	1
G399	G87	1
G423	G87	1
G557	G87	1
G683	G87	1
G766	G87	1
G787	G87	1
G859	G87	1
G917	G87	1
G956	G87	1
G975	G87	1
G11	G88	1
G111	G88	1
G174	G88	1
G177	G88	1
G398	G88	1
G520	G88	1
G534	G88	1
G602	G88	1
G623	G88	1
G661	G88	1
G690	G88	1
G744	G88	1
G812	G88	1
G823	G88	1
G852	G88	1
G877	G88	1
G8	G89	1
G29	G89	1
G37	G89	1
G115	G89	1
G195	G89	1
G259	G89	1
G273	G89	1
G379	G89	1
G617	G89	1
G693	G89	1
G783	G89	1
G917	G89	1
G956	G89	1
G116	G90	1
G168	G90	1
G177	G90	1
G219	G90	1
G520	G90	1
G534	G90	1
G681	G90	1
G688	G90	1
G690	G90	1
G852	G90	1
G963	G90	1
G988	G90	1
G782	G91	1
G5	G92	1
G37	G92	1
G422	G92	1
G449	G92	1
G722	G92	1
G422	G93	1
G449	G93	1
G611	G94	1
G299	G96	1
G483	G96	1
G496	G96	1
G535	G96	1
G648	G96	1
G799	G96	1
G898	G96	1
G219	G97	1
G85	G99	1
G381	G99	1
G609	G99	1
G780	G99	1
G810	G99	1
G910	G99	1
G928	G99	1
G131	G100	1
G245	G100	1
G250	G100	1
G421	G100	1
G535	G100	1
G592	G100	1
G685	G100	1
G818	G100	1
G898	G100	1
G10	G101	1
G48	G101	1
G88	G101	1
G111	G101	1
G116	G101	1
G129	G101	1
G168	G101	1
G174	G101	1
G177	G101	1
G204	G101	1
G222	G101	1
G302	G101	1
G321	G101	1
G342	G101	1
G478	G101	1
G520	G101	1
G534	G101	1
G546	G101	1
G559	G101	1
G569	G101	1
G573	G101	1
G594	G101	1
G624	G101	1
G633	G101	1
G681	G101	1
G688	G101	1
G748	G101	1
G796	G101	1
G860	G101	1
G865	G101	1
G901	G101	1
G904	G101	1
G963	G101	1
G84	G102	1
G140	G103	1
G277	G103	1
G331	G103	1
G611	G103	1
G884	G103	1
G902	G104	1
G479	G105	1
G153	G106	1
G261	G106	1
G882	G106	1
G336	G107	1
G380	G107	1
G537	G107	1
G814	G107	1
G855	G107	1
G976	G107	1
G38	G108	1
G55	G108	1
G218	G108	1
G537	G108	1
G609	G108	1
G761	G108	1
G781	G108	1
G814	G108	1
G853	G108	1
G855	G108	1
G902	G108	1
G910	G108	1
G976	G108	1
G782	G109	1
G209	G110	1
G278	G110	1
G739	G110	1
G429	G112	1
G4	G113	1
G14	G113	1
G63	G113	1
G180	G113	1
G193	G113	1
G214	G113	1
G221	G113	1
G243	G113	1
G274	G113	1
G277	G113	1
G280	G113	1
G319	G113	1
G437	G113	1
G446	G113	1
G447	G113	1
G484	G113	1
G594	G113	1
G670	G113	1
G713	G113	1
G745	G113	1
G748	G113	1
G864	G113	1
G908	G113	1
G909	G113	1
G944	G113	1
G15	G114	1
G70	G114	1
G123	G114	1
G243	G114	1
G304	G114	1
G332	G114	1
G385	G114	1
G479	G114	1
G536	G114	1
G575	G114	1
G676	G114	1
G723	G114	1
G779	G114	1
G815	G114	1
G965	G114	1
G981	G114	1
G219	G116	1
G877	G116	1
G85	G117	1
G609	G117	1
G617	G117	1
G893	G117	1
G894	G117	1
G911	G117	1
G928	G117	1
G304	G118	1
G461	G118	1
G625	G118	1
G882	G118	1
G89	G119	1
G115	G119	1
G133	G119	1
G195	G119	1
G423	G119	1
G474	G119	1
G589	G119	1
G747	G119	1
G855	G119	1
G859	G119	1
G74	G120	1
G215	G120	1
G274	G120	1
G571	G120	1
G808	G120	1
G996	G120	1
G76	G121	1
G85	G121	1
G109	G121	1
G241	G121	1
G278	G121	1
G367	G121	1
G368	G121	1
G375	G121	1
G397	G121	1
G419	G121	1
G420	G121	1
G427	G121	1
G487	G121	1
G508	G121	1
G614	G121	1
G651	G121	1
G662	G121	1
G686	G121	1
G720	G121	1
G740	G121	1
G782	G121	1
G846	G121	1
G914	G121	1
G50	G122	1
G322	G122	1
G429	G122	1
G456	G122	1
G625	G122	1
G793	G122	1
G881	G122	1
G891	G122	1
G897	G122	1
G936	G122	1
G84	G123	1
G148	G123	1
G219	G123	1
G234	G123	1
G332	G123	1
G373	G123	1
G428	G123	1
G456	G123	1
G479	G123	1
G643	G123	1
G673	G123	1
G680	G123	1
G737	G123	1
G866	G123	1
G355	G125	1
G554	G125	1
G2	G126	1
G129	G126	1
G172	G126	1
G278	G126	1
G286	G126	1
G410	G126	1
G416	G126	1
G519	G126	1
G598	G126	1
G607	G126	1
G609	G126	1
G645	G126	1
G691	G126	1
G718	G126	1
G736	G126	1
G739	G126	1
G774	G126	1
G800	G126	1
G862	G126	1
G873	G126	1
G886	G126	1
G957	G126	1
G55	G127	1
G139	G127	1
G141	G127	1
G218	G127	1
G380	G127	1
G554	G127	1
G682	G127	1
G701	G127	1
G761	G127	1
G769	G127	1
G781	G127	1
G814	G127	1
G853	G127	1
G910	G127	1
G927	G127	1
G945	G127	1
G5	G128	1
G37	G128	1
G92	G128	1
G246	G128	1
G359	G128	1
G422	G128	1
G449	G128	1
G506	G128	1
G579	G128	1
G612	G128	1
G722	G128	1
G795	G128	1
G832	G128	1
G40	G130	1
G95	G130	1
G183	G130	1
G224	G130	1
G268	G130	1
G287	G130	1
G328	G130	1
G349	G130	1
G355	G130	1
G386	G130	1
G391	G130	1
G554	G130	1
G555	G130	1
G556	G130	1
G659	G130	1
G695	G130	1
G712	G130	1
G714	G130	1
G762	G130	1
G784	G130	1
G862	G130	1
G898	G131	1
G349	G132	1
G8	G133	1
G139	G133	1
G165	G133	1
G195	G133	1
G423	G133	1
G766	G133	1
G956	G133	1
G970	G133	1
G975	G133	1
G221	G134	1
G274	G134	1
G423	G134	1
G509	G134	1
G571	G134	1
G808	G134	1
G864	G134	1
G996	G134	1
G99	G135	1
G609	G135	1
G678	G135	1
G876	G135	1
G893	G135	1
G894	G135	1
G928	G135	1
G996	G135	1
G363	G136	1
G685	G136	1
G739	G136	1
G983	G136	1
G105	G137	1
G225	G137	1
G460	G137	1
G676	G137	1
G981	G137	1
G349	G138	1
G365	G138	1
G492	G138	1
G588	G138	1
G806	G138	1
G940	G138	1
G942	G138	1
G996	G138	1
G998	G138	1
G368	G139	1
G261	G140	1
G461	G140	1
G481	G140	1
G884	G140	1
G965	G140	1
G36	G141	1
G55	G141	1
G380	G141	1
G537	G141	1
G769	G141	1
G779	G141	1
G814	G141	1
G976	G141	1
G947	G142	1
G140	G143	1
G699	G143	1
G422	G144	1
G219	G145	1
G85	G146	1
G609	G146	1
G780	G146	1
G893	G146	1
G55	G147	1
G537	G147	1
G745	G147	1
G855	G147	1
G976	G147	1
G84	G148	1
G105	G148	1
G699	G148	1
G794	G148	1
G76	G149	1
G283	G149	1
G603	G149	1
G614	G149	1
G662	G149	1
G796	G149	1
G914	G149	1
G3	G150	1
G214	G150	1
G648	G151	1
G693	G151	1
G983	G151	1
G85	G152	1
G893	G152	1
G66	G153	1
G845	G153	1
G84	G154	1
G745	G154	1
G947	G154	1
G85	G155	1
G381	G155	1
G609	G155	1
G780	G155	1
G893	G155	1
G165	G156	1
G195	G156	1
G423	G156	1
G766	G156	1
G956	G156	1
G970	G156	1
G893	G157	1
G50	G158	1
G79	G158	1
G112	G158	1
G122	G158	1
G322	G158	1
G324	G158	1
G390	G158	1
G625	G158	1
G654	G158	1
G690	G158	1
G828	G158	1
G891	G158	1
G897	G158	1
G479	G159	1
G84	G160	1
G947	G160	1
G140	G161	1
G150	G161	1
G277	G161	1
G347	G161	1
G609	G161	1
G611	G161	1
G637	G161	1
G965	G161	1
G150	G162	1
G199	G162	1
G219	G162	1
G255	G162	1
G352	G162	1
G623	G162	1
G676	G162	1
G864	G162	1
G884	G162	1
G917	G162	1
G965	G162	1
G274	G163	1
G277	G163	1
G423	G165	1
G55	G166	1
G141	G166	1
G336	G166	1
G537	G166	1
G769	G166	1
G855	G166	1
G910	G166	1
G976	G166	1
G9	G167	1
G299	G167	1
G363	G167	1
G421	G167	1
G554	G167	1
G784	G167	1
G799	G167	1
G818	G167	1
G219	G168	1
G225	G168	1
G520	G168	1
G534	G168	1
G690	G168	1
G744	G168	1
G745	G168	1
G153	G169	1
G274	G169	1
G300	G169	1
G510	G169	1
G947	G169	1
G76	G170	1
G109	G170	1
G277	G170	1
G491	G170	1
G603	G170	1
G719	G170	1
G782	G170	1
G914	G170	1
G195	G171	1
G423	G171	1
G956	G171	1
G129	G172	1
G265	G172	1
G653	G172	1
G449	G173	1
G484	G173	1
G556	G173	1
G808	G173	1
G864	G173	1
G31	G174	1
G177	G174	1
G219	G174	1
G602	G174	1
G636	G174	1
G681	G174	1
G688	G174	1
G690	G174	1
G852	G174	1
G928	G174	1
G963	G174	1
G8	G175	1
G85	G175	1
G165	G175	1
G766	G175	1
G956	G175	1
G554	G176	1
G657	G176	1
G636	G177	1
G928	G177	1
G349	G178	1
G365	G178	1
G432	G178	1
G209	G179	1
G265	G179	1
G278	G179	1
G519	G179	1
G739	G179	1
G11	G180	1
G74	G180	1
G113	G180	1
G140	G180	1
G163	G180	1
G196	G180	1
G214	G180	1
G221	G180	1
G260	G180	1
G319	G180	1
G347	G180	1
G354	G180	1
G509	G180	1
G571	G180	1
G594	G180	1
G670	G180	1
G745	G180	1
G748	G180	1
G808	G180	1
G826	G180	1
G864	G180	1
G78	G181	1
G84	G181	1
G105	G181	1
G153	G181	1
G234	G181	1
G304	G181	1
G460	G181	1
G777	G181	1
G947	G181	1
G976	G182	1
G355	G183	1
G554	G183	1
G555	G183	1
G556	G183	1
G660	G183	1
G710	G183	1
G902	G183	1
G84	G184	1
G102	G184	1
G123	G184	1
G234	G184	1
G248	G184	1
G376	G184	1
G380	G184	1
G459	G184	1
G460	G184	1
G536	G184	1
G578	G184	1
G676	G184	1
G699	G184	1
G728	G184	1
G779	G184	1
G858	G184	1
G893	G184	1
G947	G184	1
G782	G185	1
G423	G186	1
G336	G187	1
G380	G187	1
G537	G187	1
G814	G187	1
G855	G187	1
G976	G187	1
G36	G188	1
G38	G188	1
G141	G188	1
G304	G188	1
G336	G188	1
G380	G188	1
G761	G188	1
G769	G188	1
G814	G188	1
G853	G188	1
G855	G188	1
G889	G188	1
G910	G188	1
G945	G188	1
G955	G188	1
G14	G189	1
G63	G189	1
G74	G189	1
G214	G189	1
G221	G189	1
G297	G189	1
G347	G189	1
G447	G189	1
G509	G189	1
G571	G189	1
G594	G189	1
G745	G189	1
G748	G189	1
G808	G189	1
G825	G189	1
G461	G190	1
G898	G191	1
G274	G192	1
G571	G192	1
G808	G192	1
G864	G192	1
G913	G192	1
G274	G193	1
G745	G193	1
G808	G193	1
G105	G194	1
G123	G194	1
G385	G194	1
G460	G194	1
G536	G194	1
G676	G194	1
G777	G194	1
G947	G194	1
G423	G195	1
G956	G195	1
G970	G195	1
G274	G196	1
G745	G196	1
G808	G196	1
G141	G197	1
G178	G197	1
G310	G197	1
G349	G197	1
G365	G197	1
G462	G197	1
G492	G197	1
G565	G197	1
G636	G197	1
G741	G197	1
G806	G197	1
G821	G197	1
G940	G197	1
G942	G197	1
G998	G197	1
G31	G198	1
G40	G198	1
G219	G198	1
G520	G198	1
G534	G198	1
G636	G198	1
G124	G199	1
G140	G199	1
G255	G199	1
G277	G199	1
G352	G199	1
G422	G199	1
G453	G199	1
G492	G199	1
G509	G199	1
G554	G199	1
G615	G199	1
G750	G199	1
G809	G199	1
G829	G199	1
G854	G199	1
G884	G199	1
G5	G200	1
G37	G200	1
G92	G200	1
G422	G200	1
G449	G200	1
G810	G200	1
G820	G200	1
G832	G200	1
G841	G200	1
G893	G201	1
G1	G203	1
G86	G203	1
G153	G203	1
G225	G203	1
G252	G203	1
G283	G203	1
G300	G203	1
G455	G203	1
G479	G203	1
G499	G203	1
G503	G203	1
G510	G203	1
G515	G203	1
G655	G203	1
G796	G203	1
G845	G203	1
G987	G203	1
G116	G204	1
G219	G204	1
G609	G204	1
G636	G204	1
G301	G205	1
G536	G205	1
G699	G205	1
G777	G205	1
G779	G205	1
G947	G205	1
G982	G205	1
G133	G206	1
G165	G206	1
G273	G206	1
G399	G206	1
G423	G206	1
G474	G206	1
G636	G206	1
G783	G206	1
G787	G206	1
G917	G206	1
G956	G206	1
G975	G206	1
G85	G207	1
G893	G207	1
G74	G208	1
G214	G208	1
G221	G208	1
G274	G208	1
G571	G208	1
G594	G208	1
G745	G208	1
G748	G208	1
G808	G208	1
G864	G208	1
G996	G208	1
G129	G209	1
G265	G209	1
G739	G209	1
G556	G210	1
G660	G210	1
G153	G211	1
G225	G211	1
G503	G211	1
G845	G211	1
G987	G211	1
G274	G212	1
G555	G212	1
G745	G212	1
G808	G212	1
G141	G213	1
G336	G213	1
G380	G213	1
G381	G213	1
G537	G213	1
G781	G213	1
G814	G213	1
G853	G213	1
G955	G213	1
G971	G213	1
G976	G213	1
G648	G214	1
G808	G214	1
G78	G215	1
G84	G215	1
G137	G215	1
G234	G215	1
G301	G215	1
G699	G215	1
G779	G215	1
G947	G215	1
G981	G215	1
G982	G215	1
G95	G216	1
G355	G216	1
G405	G216	1
G554	G216	1
G556	G216	1
G710	G216	1
G61	G217	1
G128	G217	1
G221	G217	1
G274	G217	1
G347	G217	1
G437	G217	1
G509	G217	1
G594	G217	1
G745	G217	1
G748	G217	1
G808	G217	1
G877	G219	1
G36	G220	1
G141	G220	1
G218	G220	1
G380	G220	1
G761	G220	1
G769	G220	1
G781	G220	1
G855	G220	1
G910	G220	1
G74	G221	1
G274	G221	1
G522	G221	1
G571	G221	1
G808	G221	1
G996	G221	1
G31	G223	1
G116	G223	1
G177	G223	1
G534	G223	1
G688	G223	1
G690	G223	1
G799	G223	1
G823	G223	1
G852	G223	1
G963	G223	1
G987	G223	1
G355	G224	1
G554	G224	1
G556	G224	1
G710	G224	1
G66	G225	1
G283	G225	1
G710	G225	1
G853	G225	1
G456	G226	1
G609	G226	1
G617	G226	1
G780	G226	1
G876	G226	1
G928	G226	1
G808	G227	1
G882	G228	1
G381	G229	1
G609	G229	1
G648	G229	1
G780	G229	1
G893	G229	1
G894	G229	1
G911	G229	1
G927	G229	1
G133	G230	1
G195	G230	1
G423	G230	1
G742	G230	1
G859	G230	1
G956	G230	1
G975	G230	1
G304	G231	1
G385	G231	1
G460	G231	1
G517	G231	1
G676	G231	1
G699	G231	1
G779	G231	1
G105	G232	1
G479	G232	1
G676	G232	1
G777	G232	1
G927	G232	1
G2	G233	1
G36	G233	1
G141	G233	1
G187	G233	1
G336	G233	1
G380	G233	1
G537	G233	1
G682	G233	1
G701	G233	1
G769	G233	1
G814	G233	1
G855	G233	1
G876	G233	1
G9	G235	1
G36	G235	1
G55	G235	1
G59	G235	1
G187	G235	1
G218	G235	1
G336	G235	1
G682	G235	1
G701	G235	1
G761	G235	1
G814	G235	1
G855	G235	1
G910	G235	1
G927	G235	1
G935	G235	1
G945	G235	1
G955	G235	1
G976	G235	1
G310	G237	1
G349	G237	1
G365	G237	1
G588	G237	1
G998	G237	1
G381	G238	1
G609	G238	1
G617	G238	1
G710	G238	1
G780	G238	1
G876	G238	1
G911	G238	1
G928	G238	1
G5	G239	1
G37	G239	1
G116	G239	1
G246	G239	1
G449	G239	1
G612	G239	1
G722	G239	1
G795	G239	1
G810	G239	1
G820	G239	1
G841	G239	1
G782	G241	1
G36	G242	1
G55	G242	1
G59	G242	1
G164	G242	1
G187	G242	1
G218	G242	1
G318	G242	1
G380	G242	1
G399	G242	1
G526	G242	1
G586	G242	1
G656	G242	1
G700	G242	1
G701	G242	1
G724	G242	1
G761	G242	1
G769	G242	1
G855	G242	1
G870	G242	1
G896	G242	1
G910	G242	1
G955	G242	1
G947	G243	1
G976	G244	1
G898	G245	1
G983	G245	1
G439	G246	1
G77	G247	1
G95	G247	1
G104	G247	1
G125	G247	1
G216	G247	1
G295	G247	1
G328	G247	1
G355	G247	1
G405	G247	1
G452	G247	1
G475	G247	1
G538	G247	1
G554	G247	1
G555	G247	1
G652	G247	1
G659	G247	1
G695	G247	1
G710	G247	1
G865	G247	1
G886	G247	1
G84	G248	1
G278	G248	1
G479	G248	1
G947	G248	1
G85	G249	1
G99	G249	1
G117	G249	1
G238	G249	1
G290	G249	1
G315	G249	1
G374	G249	1
G381	G249	1
G449	G249	1
G609	G249	1
G766	G249	1
G780	G249	1
G794	G249	1
G824	G249	1
G887	G249	1
G893	G249	1
G894	G249	1
G928	G249	1
G943	G249	1
G140	G250	1
G611	G250	1
G854	G250	1
G43	G251	1
G76	G251	1
G109	G251	1
G288	G251	1
G303	G251	1
G419	G251	1
G427	G251	1
G491	G251	1
G496	G251	1
G508	G251	1
G614	G251	1
G651	G251	1
G686	G251	1
G719	G251	1
G914	G251	1
G105	G253	1
G884	G253	1
G98	G254	1
G120	G254	1
G137	G254	1
G274	G254	1
G280	G254	1
G297	G254	1
G319	G254	1
G347	G254	1
G354	G254	1
G422	G254	1
G447	G254	1
G484	G254	1
G527	G254	1
G594	G254	1
G621	G254	1
G672	G254	1
G745	G254	1
G748	G254	1
G754	G254	1
G772	G254	1
G808	G254	1
G822	G254	1
G864	G254	1
G909	G254	1
G277	G255	1
G66	G256	1
G221	G256	1
G225	G256	1
G283	G256	1
G965	G256	1
G84	G257	1
G479	G257	1
G699	G257	1
G808	G258	1
G274	G260	1
G484	G260	1
G571	G260	1
G745	G260	1
G808	G260	1
G277	G262	1
G854	G262	1
G310	G263	1
G349	G263	1
G365	G263	1
G588	G263	1
G691	G263	1
G998	G263	1
G74	G264	1
G274	G264	1
G484	G264	1
G594	G264	1
G745	G264	1
G808	G264	1
G864	G264	1
G893	G264	1
G124	G266	1
G140	G266	1
G150	G266	1
G199	G266	1
G240	G266	1
G255	G266	1
G262	G266	1
G277	G266	1
G331	G266	1
G352	G266	1
G409	G266	1
G434	G266	1
G453	G266	1
G611	G266	1
G615	G266	1
G619	G266	1
G714	G266	1
G750	G266	1
G829	G266	1
G854	G266	1
G846	G267	1
G947	G267	1
G898	G269	1
G983	G269	1
G153	G270	1
G190	G270	1
G300	G270	1
G785	G270	1
G987	G270	1
G66	G271	1
G310	G272	1
G349	G272	1
G365	G272	1
G432	G272	1
G492	G272	1
G726	G272	1
G942	G272	1
G998	G272	1
G8	G273	1
G165	G273	1
G956	G273	1
G970	G273	1
G808	G274	1
G349	G275	1
G31	G276	1
G219	G276	1
G520	G276	1
G534	G276	1
G636	G276	1
G681	G276	1
G688	G276	1
G744	G276	1
G852	G276	1
G877	G276	1
G898	G276	1
G963	G276	1
G611	G277	1
G854	G277	1
G40	G279	1
G95	G279	1
G183	G279	1
G287	G279	1
G295	G279	1
G347	G279	1
G355	G279	1
G554	G279	1
G660	G279	1
G710	G279	1
G852	G279	1
G902	G279	1
G808	G280	1
G36	G281	1
G141	G281	1
G218	G281	1
G318	G281	1
G336	G281	1
G380	G281	1
G444	G281	1
G509	G281	1
G537	G281	1
G654	G281	1
G761	G281	1
G769	G281	1
G781	G281	1
G814	G281	1
G870	G281	1
G945	G281	1
G234	G282	1
G243	G282	1
G294	G282	1
G332	G282	1
G428	G282	1
G461	G282	1
G673	G282	1
G858	G282	1
G947	G282	1
G66	G284	1
G153	G284	1
G105	G285	1
G322	G285	1
G390	G285	1
G625	G285	1
G129	G286	1
G278	G286	1
G739	G286	1
G405	G287	1
G556	G287	1
G660	G287	1
G762	G287	1
G772	G287	1
G894	G287	1
G976	G287	1
G219	G288	1
G520	G288	1
G877	G288	1
G85	G289	1
G893	G289	1
G85	G290	1
G381	G290	1
G682	G290	1
G893	G290	1
G554	G291	1
G111	G292	1
G168	G292	1
G177	G292	1
G288	G292	1
G520	G292	1
G576	G292	1
G636	G292	1
G688	G292	1
G690	G292	1
G744	G292	1
G823	G292	1
G852	G292	1
G988	G292	1
G976	G293	1
G36	G296	1
G55	G296	1
G84	G296	1
G218	G296	1
G336	G296	1
G380	G296	1
G701	G296	1
G761	G296	1
G814	G296	1
G853	G296	1
G955	G296	1
G976	G296	1
G274	G297	1
G808	G297	1
G129	G298	1
G139	G298	1
G209	G298	1
G278	G298	1
G410	G298	1
G598	G298	1
G736	G298	1
G739	G298	1
G768	G298	1
G800	G298	1
G862	G298	1
G873	G298	1
G957	G298	1
G970	G298	1
G191	G299	1
G245	G299	1
G359	G299	1
G363	G299	1
G421	G299	1
G648	G299	1
G685	G299	1
G814	G299	1
G829	G299	1
G895	G299	1
G983	G299	1
G66	G300	1
G153	G300	1
G225	G300	1
G491	G300	1
G510	G300	1
G530	G300	1
G845	G300	1
G882	G300	1
G969	G300	1
G999	G300	1
G105	G301	1
G498	G301	1
G219	G302	1
G636	G302	1
G877	G302	1
G782	G303	1
G129	G304	1
G479	G304	1
G85	G305	1
G116	G305	1
G201	G305	1
G226	G305	1
G290	G305	1
G508	G305	1
G576	G305	1
G609	G305	1
G780	G305	1
G794	G305	1
G802	G305	1
G824	G305	1
G893	G305	1
G894	G305	1
G924	G305	1
G274	G306	1
G319	G306	1
G344	G306	1
G347	G306	1
G437	G306	1
G447	G306	1
G496	G306	1
G509	G306	1
G549	G306	1
G571	G306	1
G745	G306	1
G782	G306	1
G808	G306	1
G864	G306	1
G908	G306	1
G5	G308	1
G92	G308	1
G315	G308	1
G422	G308	1
G449	G308	1
G579	G308	1
G584	G308	1
G612	G308	1
G722	G308	1
G795	G308	1
G810	G308	1
G820	G308	1
G832	G308	1
G841	G308	1
G31	G309	1
G33	G309	1
G42	G309	1
G116	G309	1
G141	G309	1
G174	G309	1
G219	G309	1
G342	G309	1
G398	G309	1
G478	G309	1
G546	G309	1
G602	G309	1
G616	G309	1
G623	G309	1
G633	G309	1
G852	G309	1
G911	G309	1
G956	G309	1
G963	G309	1
G61	G310	1
G998	G310	1
G5	G311	1
G37	G311	1
G239	G311	1
G246	G311	1
G395	G311	1
G422	G311	1
G449	G311	1
G722	G311	1
G795	G311	1
G841	G311	1
G141	G312	1
G123	G313	1
G301	G313	1
G304	G313	1
G460	G313	1
G779	G313	1
G780	G313	1
G274	G314	1
G310	G314	1
G349	G314	1
G365	G314	1
G432	G314	1
G456	G314	1
G560	G314	1
G806	G314	1
G940	G314	1
G973	G314	1
G5	G315	1
G37	G315	1
G422	G315	1
G886	G315	1
G277	G316	1
G36	G317	1
G55	G317	1
G814	G317	1
G976	G318	1
G484	G319	1
G745	G319	1
G808	G319	1
G84	G320	1
G137	G320	1
G234	G320	1
G304	G320	1
G479	G320	1
G673	G320	1
G676	G320	1
G699	G320	1
G742	G320	1
G116	G321	1
G168	G321	1
G342	G321	1
G616	G321	1
G633	G321	1
G660	G321	1
G690	G321	1
G812	G321	1
G823	G321	1
G261	G322	1
G461	G322	1
G940	G322	1
G22	G324	1
G50	G324	1
G112	G324	1
G122	G324	1
G261	G324	1
G359	G324	1
G407	G324	1
G461	G324	1
G554	G324	1
G690	G324	1
G897	G324	1
G971	G324	1
G283	G325	1
G300	G325	1
G503	G325	1
G745	G326	1
G808	G326	1
G37	G327	1
G83	G327	1
G144	G327	1
G225	G327	1
G239	G327	1
G449	G327	1
G584	G327	1
G612	G327	1
G722	G327	1
G742	G327	1
G830	G327	1
G941	G327	1
G355	G328	1
G554	G328	1
G660	G328	1
G902	G328	1
G739	G329	1
G423	G330	1
G739	G330	1
G956	G330	1
G970	G330	1
G85	G333	1
G611	G333	1
G893	G333	1
G554	G334	1
G902	G334	1
G84	G335	1
G310	G335	1
G365	G335	1
G432	G335	1
G588	G335	1
G602	G335	1
G726	G335	1
G940	G335	1
G998	G335	1
G141	G336	1
G195	G338	1
G956	G338	1
G74	G339	1
G274	G339	1
G748	G339	1
G808	G339	1
G864	G339	1
G53	G340	1
G78	G340	1
G84	G340	1
G304	G340	1
G460	G340	1
G779	G340	1
G866	G340	1
G947	G340	1
G594	G341	1
G116	G342	1
G219	G342	1
G520	G342	1
G534	G342	1
G636	G342	1
G105	G343	1
G274	G344	1
G808	G344	1
G983	G344	1
G996	G344	1
G310	G345	1
G349	G345	1
G365	G345	1
G432	G345	1
G588	G345	1
G998	G345	1
G40	G346	1
G216	G346	1
G386	G346	1
G387	G346	1
G555	G346	1
G556	G346	1
G660	G346	1
G710	G346	1
G762	G346	1
G461	G348	1
G680	G348	1
G893	G348	1
G31	G351	1
G787	G351	1
G277	G352	1
G131	G353	1
G363	G353	1
G421	G353	1
G648	G353	1
G693	G353	1
G799	G353	1
G898	G353	1
G983	G353	1
G274	G354	1
G484	G354	1
G902	G355	1
G5	G356	1
G422	G356	1
G449	G356	1
G129	G357	1
G139	G357	1
G416	G357	1
G519	G357	1
G598	G357	1
G825	G357	1
G832	G357	1
G12	G358	1
G58	G358	1
G94	G358	1
G124	G358	1
G137	G358	1
G150	G358	1
G162	G358	1
G199	G358	1
G201	G358	1
G240	G358	1
G255	G358	1
G277	G358	1
G316	G358	1
G352	G358	1
G453	G358	1
G491	G358	1
G638	G358	1
G648	G358	1
G703	G358	1
G750	G358	1
G804	G358	1
G832	G358	1
G882	G358	1
G884	G358	1
G965	G358	1
G5	G359	1
G92	G359	1
G159	G359	1
G200	G359	1
G260	G359	1
G315	G359	1
G422	G359	1
G449	G359	1
G506	G359	1
G583	G359	1
G612	G359	1
G680	G359	1
G765	G359	1
G820	G359	1
G841	G359	1
G970	G359	1
G131	G360	1
G648	G360	1
G685	G360	1
G898	G360	1
G38	G362	1
G131	G362	1
G269	G362	1
G363	G362	1
G421	G362	1
G466	G362	1
G507	G362	1
G818	G362	1
G983	G362	1
G131	G363	1
G191	G363	1
G278	G363	1
G299	G363	1
G483	G363	1
G790	G363	1
G818	G363	1
G845	G363	1
G5	G364	1
G37	G364	1
G246	G364	1
G449	G364	1
G612	G364	1
G722	G364	1
G349	G365	1
G519	G365	1
G588	G365	1
G129	G366	1
G209	G366	1
G278	G366	1
G739	G366	1
G603	G367	1
G651	G367	1
G782	G367	1
G846	G367	1
G914	G367	1
G303	G368	1
G375	G368	1
G427	G368	1
G479	G368	1
G491	G368	1
G544	G368	1
G609	G368	1
G651	G368	1
G719	G368	1
G782	G368	1
G844	G368	1
G141	G369	1
G710	G369	1
G12	G370	1
G168	G370	1
G199	G370	1
G277	G370	1
G331	G370	1
G714	G370	1
G854	G370	1
G310	G371	1
G349	G371	1
G365	G371	1
G588	G371	1
G998	G371	1
G373	G372	1
G461	G372	1
G625	G372	1
G845	G372	1
G105	G373	1
G460	G373	1
G676	G373	1
G699	G373	1
G947	G373	1
G85	G374	1
G381	G374	1
G609	G374	1
G893	G374	1
G928	G374	1
G74	G377	1
G274	G377	1
G484	G377	1
G745	G377	1
G748	G377	1
G808	G377	1
G140	G378	1
G611	G378	1
G854	G378	1
G423	G379	1
G766	G379	1
G859	G379	1
G956	G379	1
G141	G380	1
G336	G380	1
G814	G380	1
G85	G381	1
G609	G381	1
G893	G381	1
G36	G382	1
G55	G382	1
G141	G382	1
G336	G382	1
G380	G382	1
G537	G382	1
G761	G382	1
G855	G382	1
G910	G382	1
G976	G382	1
G893	G383	1
G85	G384	1
G381	G384	1
G456	G384	1
G495	G384	1
G520	G384	1
G609	G384	1
G617	G384	1
G876	G384	1
G911	G384	1
G928	G384	1
G877	G385	1
G219	G387	1
G355	G387	1
G554	G387	1
G137	G388	1
G554	G388	1
G31	G389	1
G111	G389	1
G116	G389	1
G219	G389	1
G342	G389	1
G534	G389	1
G602	G389	1
G636	G389	1
G690	G389	1
G744	G389	1
G902	G389	1
G988	G389	1
G15	G390	1
G648	G390	1
G680	G390	1
G882	G390	1
G479	G391	1
G5	G392	1
G83	G392	1
G200	G392	1
G246	G392	1
G422	G392	1
G449	G392	1
G612	G392	1
G722	G392	1
G832	G392	1
G898	G393	1
G983	G393	1
G14	G394	1
G61	G394	1
G98	G394	1
G180	G394	1
G208	G394	1
G280	G394	1
G297	G394	1
G361	G394	1
G377	G394	1
G402	G394	1
G425	G394	1
G447	G394	1
G509	G394	1
G571	G394	1
G808	G394	1
G825	G394	1
G907	G394	1
G909	G394	1
G429	G395	1
G680	G395	1
G852	G395	1
G55	G396	1
G141	G396	1
G814	G396	1
G976	G396	1
G508	G397	1
G603	G397	1
G651	G397	1
G662	G397	1
G914	G397	1
G423	G399	1
G766	G399	1
G882	G399	1
G956	G399	1
G363	G400	1
G648	G400	1
G898	G400	1
G983	G400	1
G55	G401	1
G141	G401	1
G380	G401	1
G814	G401	1
G808	G402	1
G310	G403	1
G336	G403	1
G349	G403	1
G365	G403	1
G387	G403	1
G609	G403	1
G940	G403	1
G998	G403	1
G219	G404	1
G349	G404	1
G365	G404	1
G432	G404	1
G588	G404	1
G940	G404	1
G942	G404	1
G998	G404	1
G95	G405	1
G651	G405	1
G710	G405	1
G902	G405	1
G66	G406	1
G153	G406	1
G510	G406	1
G845	G406	1
G461	G407	1
G131	G408	1
G421	G408	1
G685	G408	1
G898	G408	1
G277	G409	1
G611	G409	1
G110	G410	1
G129	G410	1
G179	G410	1
G234	G410	1
G265	G410	1
G298	G410	1
G416	G410	1
G486	G410	1
G533	G410	1
G607	G410	1
G691	G410	1
G736	G410	1
G739	G410	1
G768	G410	1
G800	G410	1
G873	G410	1
G900	G410	1
G905	G410	1
G943	G410	1
G957	G410	1
G141	G411	1
G336	G411	1
G380	G411	1
G537	G411	1
G701	G411	1
G761	G411	1
G814	G411	1
G855	G411	1
G927	G411	1
G85	G412	1
G201	G412	1
G300	G412	1
G333	G412	1
G381	G412	1
G456	G412	1
G617	G412	1
G699	G412	1
G893	G412	1
G117	G413	1
G207	G413	1
G238	G413	1
G261	G413	1
G289	G413	1
G290	G413	1
G374	G413	1
G381	G413	1
G497	G413	1
G511	G413	1
G513	G413	1
G532	G413	1
G545	G413	1
G576	G413	1
G609	G413	1
G617	G413	1
G622	G413	1
G727	G413	1
G739	G413	1
G769	G413	1
G780	G413	1
G799	G413	1
G802	G413	1
G819	G413	1
G824	G413	1
G828	G413	1
G876	G413	1
G894	G413	1
G928	G413	1
G943	G413	1
G990	G413	1
G31	G414	1
G116	G414	1
G168	G414	1
G177	G414	1
G219	G414	1
G342	G414	1
G616	G414	1
G681	G414	1
G852	G414	1
G911	G414	1
G963	G414	1
G988	G414	1
G63	G417	1
G74	G417	1
G120	G417	1
G221	G417	1
G274	G417	1
G347	G417	1
G355	G417	1
G437	G417	1
G439	G417	1
G447	G417	1
G549	G417	1
G571	G417	1
G594	G417	1
G808	G417	1
G826	G417	1
G908	G417	1
G991	G417	1
G140	G418	1
G150	G418	1
G327	G418	1
G854	G418	1
G965	G418	1
G112	G419	1
G508	G419	1
G662	G419	1
G782	G419	1
G76	G420	1
G153	G420	1
G508	G420	1
G614	G420	1
G662	G420	1
G782	G420	1
G983	G421	1
G449	G422	1
G133	G423	1
G845	G423	1
G970	G423	1
G975	G423	1
G274	G425	1
G947	G425	1
G219	G426	1
G877	G426	1
G508	G427	1
G662	G427	1
G782	G427	1
G864	G427	1
G20	G428	1
G231	G428	1
G248	G428	1
G304	G428	1
G332	G428	1
G350	G428	1
G385	G428	1
G479	G428	1
G485	G428	1
G517	G428	1
G540	G428	1
G578	G428	1
G779	G428	1
G799	G428	1
G927	G428	1
G971	G428	1
G981	G428	1
G609	G430	1
G893	G430	1
G988	G430	1
G153	G431	1
G225	G431	1
G283	G431	1
G300	G431	1
G503	G431	1
G510	G431	1
G310	G432	1
G349	G432	1
G588	G432	1
G310	G433	1
G349	G433	1
G588	G433	1
G998	G433	1
G525	G434	1
G611	G434	1
G854	G434	1
G520	G435	1
G422	G436	1
G14	G437	1
G61	G437	1
G63	G437	1
G214	G437	1
G331	G437	1
G347	G437	1
G398	G437	1
G402	G437	1
G425	G437	1
G446	G437	1
G447	G437	1
G484	G437	1
G594	G437	1
G685	G437	1
G748	G437	1
G777	G437	1
G808	G437	1
G826	G437	1
G991	G437	1
G996	G437	1
G111	G438	1
G168	G438	1
G177	G438	1
G288	G438	1
G461	G438	1
G520	G438	1
G602	G438	1
G636	G438	1
G681	G438	1
G688	G438	1
G823	G438	1
G877	G438	1
G988	G438	1
G808	G439	1
G853	G439	1
G603	G440	1
G651	G440	1
G662	G440	1
G719	G440	1
G782	G440	1
G31	G441	1
G209	G441	1
G219	G441	1
G636	G441	1
G688	G441	1
G690	G441	1
G877	G441	1
G336	G442	1
G5	G443	1
G37	G443	1
G422	G443	1
G449	G443	1
G976	G444	1
G85	G445	1
G609	G445	1
G893	G445	1
G214	G447	1
G221	G447	1
G274	G447	1
G508	G447	1
G509	G447	1
G594	G447	1
G745	G447	1
G808	G447	1
G909	G447	1
G996	G447	1
G139	G448	1
G322	G448	1
G461	G448	1
G625	G448	1
G882	G448	1
G84	G450	1
G123	G450	1
G137	G450	1
G205	G450	1
G301	G450	1
G385	G450	1
G479	G450	1
G676	G450	1
G699	G450	1
G947	G450	1
G36	G451	1
G55	G451	1
G141	G451	1
G336	G451	1
G449	G451	1
G95	G452	1
G355	G452	1
G554	G452	1
G710	G452	1
G859	G452	1
G902	G452	1
G140	G453	1
G150	G453	1
G277	G453	1
G611	G453	1
G854	G453	1
G884	G453	1
G965	G453	1
G36	G454	1
G140	G454	1
G218	G454	1
G537	G454	1
G722	G454	1
G769	G454	1
G855	G454	1
G976	G454	1
G85	G455	1
G845	G455	1
G85	G456	1
G99	G456	1
G333	G456	1
G381	G456	1
G609	G456	1
G780	G456	1
G911	G456	1
G928	G456	1
G140	G457	1
G479	G457	1
G131	G458	1
G363	G458	1
G898	G458	1
G123	G459	1
G676	G459	1
G699	G459	1
G777	G459	1
G84	G460	1
G105	G460	1
G123	G460	1
G137	G460	1
G385	G460	1
G699	G460	1
G728	G460	1
G779	G460	1
G913	G460	1
G947	G460	1
G37	G461	1
G112	G461	1
G122	G461	1
G243	G461	1
G261	G461	1
G390	G461	1
G429	G461	1
G680	G461	1
G699	G461	1
G733	G461	1
G793	G461	1
G827	G461	1
G843	G461	1
G881	G461	1
G971	G461	1
G349	G462	1
G588	G462	1
G78	G463	1
G105	G463	1
G137	G463	1
G205	G463	1
G231	G463	1
G294	G463	1
G575	G463	1
G578	G463	1
G662	G463	1
G699	G463	1
G728	G463	1
G858	G463	1
G197	G464	1
G310	G464	1
G349	G464	1
G422	G464	1
G432	G464	1
G566	G464	1
G940	G464	1
G942	G464	1
G998	G464	1
G14	G465	1
G74	G465	1
G214	G465	1
G221	G465	1
G261	G465	1
G274	G465	1
G297	G465	1
G429	G465	1
G484	G465	1
G568	G465	1
G748	G465	1
G808	G465	1
G965	G465	1
G996	G465	1
G131	G466	1
G421	G466	1
G685	G466	1
G898	G466	1
G983	G466	1
G129	G467	1
G139	G467	1
G278	G467	1
G519	G467	1
G739	G467	1
G74	G468	1
G221	G468	1
G274	G468	1
G745	G468	1
G808	G468	1
G70	G469	1
G205	G469	1
G479	G469	1
G699	G469	1
G712	G469	1
G779	G469	1
G947	G469	1
G982	G469	1
G274	G470	1
G484	G470	1
G571	G470	1
G745	G470	1
G808	G470	1
G996	G470	1
G310	G471	1
G349	G471	1
G588	G471	1
G814	G472	1
G976	G472	1
G381	G473	1
G780	G473	1
G893	G473	1
G902	G473	1
G133	G474	1
G165	G474	1
G195	G474	1
G423	G474	1
G495	G474	1
G655	G474	1
G766	G474	1
G970	G474	1
G40	G475	1
G95	G475	1
G183	G475	1
G216	G475	1
G218	G475	1
G287	G475	1
G391	G475	1
G405	G475	1
G538	G475	1
G554	G475	1
G556	G475	1
G971	G475	1
G85	G476	1
G226	G476	1
G456	G476	1
G511	G476	1
G563	G476	1
G609	G476	1
G678	G476	1
G780	G476	1
G802	G476	1
G819	G476	1
G828	G476	1
G876	G476	1
G893	G476	1
G894	G476	1
G911	G476	1
G928	G476	1
G943	G476	1
G898	G477	1
G983	G477	1
G31	G478	1
G219	G478	1
G520	G478	1
G636	G478	1
G688	G478	1
G744	G478	1
G78	G479	1
G105	G479	1
G123	G479	1
G301	G479	1
G536	G479	1
G676	G479	1
G947	G479	1
G105	G480	1
G385	G480	1
G699	G480	1
G777	G480	1
G998	G480	1
G31	G481	1
G520	G481	1
G534	G481	1
G688	G481	1
G877	G481	1
G116	G482	1
G177	G482	1
G219	G482	1
G287	G482	1
G520	G482	1
G688	G482	1
G744	G482	1
G852	G482	1
G877	G482	1
G363	G483	1
G898	G483	1
G983	G483	1
G14	G484	1
G61	G484	1
G74	G484	1
G98	G484	1
G214	G484	1
G297	G484	1
G437	G484	1
G549	G484	1
G571	G484	1
G594	G484	1
G748	G484	1
G808	G484	1
G826	G484	1
G855	G484	1
G78	G485	1
G84	G485	1
G123	G485	1
G304	G485	1
G385	G485	1
G460	G485	1
G536	G485	1
G699	G485	1
G779	G485	1
G265	G486	1
G598	G486	1
G780	G486	1
G886	G486	1
G651	G487	1
G129	G488	1
G139	G488	1
G209	G488	1
G265	G488	1
G519	G488	1
G85	G489	1
G609	G489	1
G780	G489	1
G894	G489	1
G928	G489	1
G310	G490	1
G336	G490	1
G349	G490	1
G365	G490	1
G462	G490	1
G464	G490	1
G492	G490	1
G566	G490	1
G588	G490	1
G653	G490	1
G726	G490	1
G806	G490	1
G821	G490	1
G855	G490	1
G942	G490	1
G998	G490	1
G508	G491	1
G603	G491	1
G651	G491	1
G782	G491	1
G976	G491	1
G66	G493	1
G225	G493	1
G431	G493	1
G455	G493	1
G499	G493	1
G522	G493	1
G530	G493	1
G538	G493	1
G609	G493	1
G739	G493	1
G845	G493	1
G947	G493	1
G987	G493	1
G999	G493	1
G116	G494	1
G177	G494	1
G219	G494	1
G288	G494	1
G534	G494	1
G546	G494	1
G594	G494	1
G602	G494	1
G636	G494	1
G681	G494	1
G690	G494	1
G823	G494	1
G423	G495	1
G651	G496	1
G719	G496	1
G782	G496	1
G85	G497	1
G381	G497	1
G780	G497	1
G894	G497	1
G928	G497	1
G50	G498	1
G261	G498	1
G461	G498	1
G680	G498	1
G66	G499	1
G153	G499	1
G283	G499	1
G987	G499	1
G141	G500	1
G814	G500	1
G976	G500	1
G422	G501	1
G449	G501	1
G131	G502	1
G363	G502	1
G411	G502	1
G693	G502	1
G898	G502	1
G983	G502	1
G153	G503	1
G225	G503	1
G283	G503	1
G845	G503	1
G987	G503	1
G274	G504	1
G447	G504	1
G484	G504	1
G509	G504	1
G745	G504	1
G748	G504	1
G808	G504	1
G882	G504	1
G141	G505	1
G131	G507	1
G363	G507	1
G685	G507	1
G983	G507	1
G662	G509	1
G745	G509	1
G333	G511	1
G381	G511	1
G456	G511	1
G576	G511	1
G609	G511	1
G780	G511	1
G828	G511	1
G876	G511	1
G893	G511	1
G894	G511	1
G911	G511	1
G928	G511	1
G78	G512	1
G123	G512	1
G137	G512	1
G385	G512	1
G479	G512	1
G536	G512	1
G676	G512	1
G777	G512	1
G779	G512	1
G914	G512	1
G928	G512	1
G947	G512	1
G85	G513	1
G609	G513	1
G780	G513	1
G893	G513	1
G195	G514	1
G423	G514	1
G882	G514	1
G956	G514	1
G970	G514	1
G66	G515	1
G86	G515	1
G153	G515	1
G203	G515	1
G225	G515	1
G252	G515	1
G270	G515	1
G283	G515	1
G300	G515	1
G429	G515	1
G431	G515	1
G522	G515	1
G655	G515	1
G697	G515	1
G771	G515	1
G845	G515	1
G934	G515	1
G84	G516	1
G947	G516	1
G78	G518	1
G105	G518	1
G137	G518	1
G234	G518	1
G294	G518	1
G295	G518	1
G304	G518	1
G866	G518	1
G913	G518	1
G981	G518	1
G982	G518	1
G129	G519	1
G209	G519	1
G265	G519	1
G739	G519	1
G31	G520	1
G219	G520	1
G85	G521	1
G609	G521	1
G893	G521	1
G225	G522	1
G510	G522	1
G845	G522	1
G893	G523	1
G36	G524	1
G55	G524	1
G336	G524	1
G380	G524	1
G780	G524	1
G855	G524	1
G877	G524	1
G976	G524	1
G877	G526	1
G61	G527	1
G98	G527	1
G192	G527	1
G214	G527	1
G221	G527	1
G274	G527	1
G347	G527	1
G377	G527	1
G421	G527	1
G425	G527	1
G437	G527	1
G484	G527	1
G509	G527	1
G621	G527	1
G745	G527	1
G748	G527	1
G808	G527	1
G822	G527	1
G908	G527	1
G991	G527	1
G893	G528	1
G274	G529	1
G484	G529	1
G609	G529	1
G745	G529	1
G808	G529	1
G28	G531	1
G31	G531	1
G95	G531	1
G111	G531	1
G116	G531	1
G168	G531	1
G177	G531	1
G288	G531	1
G478	G531	1
G520	G531	1
G546	G531	1
G681	G531	1
G688	G531	1
G744	G531	1
G745	G531	1
G852	G531	1
G877	G531	1
G988	G531	1
G85	G532	1
G893	G532	1
G278	G533	1
G739	G533	1
G219	G534	1
G520	G534	1
G877	G534	1
G136	G535	1
G299	G535	1
G353	G535	1
G360	G535	1
G363	G535	1
G483	G535	1
G609	G535	1
G648	G535	1
G685	G535	1
G785	G535	1
G890	G535	1
G902	G535	1
G55	G537	1
G141	G537	1
G153	G537	1
G336	G537	1
G349	G537	1
G380	G537	1
G12	G538	1
G92	G539	1
G245	G539	1
G421	G539	1
G507	G539	1
G693	G539	1
G758	G539	1
G799	G539	1
G854	G539	1
G898	G539	1
G920	G539	1
G983	G539	1
G84	G540	1
G105	G540	1
G479	G540	1
G676	G540	1
G779	G540	1
G947	G540	1
G66	G541	1
G153	G541	1
G225	G541	1
G252	G541	1
G283	G541	1
G300	G541	1
G431	G541	1
G493	G541	1
G655	G541	1
G837	G541	1
G969	G541	1
G999	G541	1
G5	G542	1
G422	G542	1
G432	G542	1
G14	G543	1
G61	G543	1
G274	G543	1
G332	G543	1
G425	G543	1
G484	G543	1
G594	G543	1
G621	G543	1
G808	G543	1
G825	G543	1
G908	G543	1
G991	G543	1
G43	G544	1
G76	G544	1
G121	G544	1
G303	G544	1
G419	G544	1
G427	G544	1
G491	G544	1
G496	G544	1
G603	G544	1
G614	G544	1
G651	G544	1
G662	G544	1
G782	G544	1
G796	G544	1
G914	G544	1
G85	G545	1
G548	G545	1
G609	G545	1
G31	G546	1
G219	G546	1
G534	G546	1
G219	G547	1
G484	G549	1
G745	G549	1
G808	G549	1
G864	G549	1
G996	G549	1
G105	G550	1
G204	G550	1
G460	G550	1
G479	G550	1
G510	G550	1
G8	G551	1
G133	G551	1
G165	G551	1
G423	G551	1
G474	G551	1
G495	G551	1
G554	G551	1
G783	G551	1
G859	G551	1
G129	G552	1
G278	G552	1
G739	G552	1
G92	G553	1
G246	G553	1
G449	G553	1
G612	G553	1
G832	G553	1
G841	G553	1
G902	G554	1
G95	G556	1
G554	G556	1
G555	G556	1
G660	G556	1
G710	G556	1
G762	G556	1
G8	G557	1
G133	G557	1
G195	G557	1
G423	G557	1
G828	G557	1
G956	G557	1
G141	G558	1
G814	G558	1
G534	G559	1
G688	G559	1
G365	G560	1
G432	G560	1
G588	G560	1
G940	G560	1
G942	G560	1
G998	G560	1
G84	G561	1
G243	G561	1
G460	G561	1
G495	G561	1
G660	G561	1
G699	G561	1
G779	G561	1
G947	G561	1
G981	G561	1
G982	G561	1
G996	G561	1
G85	G563	1
G141	G563	1
G609	G563	1
G780	G563	1
G928	G563	1
G225	G564	1
G283	G564	1
G845	G564	1
G928	G564	1
G195	G565	1
G202	G565	1
G237	G565	1
G345	G565	1
G349	G565	1
G365	G565	1
G403	G565	1
G432	G565	1
G492	G565	1
G566	G565	1
G588	G565	1
G741	G565	1
G806	G565	1
G940	G565	1
G942	G565	1
G998	G565	1
G349	G566	1
G365	G566	1
G432	G566	1
G588	G566	1
G780	G566	1
G940	G566	1
G998	G566	1
G983	G567	1
G261	G568	1
G461	G569	1
G129	G570	1
G209	G570	1
G265	G570	1
G278	G570	1
G410	G570	1
G537	G570	1
G598	G570	1
G607	G570	1
G736	G570	1
G739	G570	1
G768	G570	1
G780	G570	1
G862	G570	1
G873	G570	1
G886	G570	1
G957	G570	1
G221	G571	1
G274	G571	1
G437	G571	1
G484	G571	1
G509	G571	1
G808	G571	1
G909	G571	1
G603	G572	1
G662	G572	1
G744	G572	1
G914	G572	1
G219	G573	1
G636	G573	1
G85	G574	1
G609	G574	1
G780	G574	1
G123	G575	1
G301	G575	1
G304	G575	1
G423	G575	1
G479	G575	1
G536	G575	1
G619	G575	1
G779	G575	1
G85	G576	1
G609	G576	1
G780	G576	1
G310	G577	1
G588	G577	1
G947	G578	1
G139	G580	1
G209	G580	1
G278	G580	1
G416	G580	1
G739	G580	1
G85	G581	1
G893	G581	1
G278	G582	1
G877	G583	1
G37	G584	1
G128	G584	1
G200	G584	1
G246	G584	1
G311	G584	1
G359	G584	1
G364	G584	1
G392	G584	1
G422	G584	1
G423	G584	1
G449	G584	1
G501	G584	1
G534	G584	1
G579	G584	1
G600	G584	1
G710	G584	1
G810	G584	1
G830	G584	1
G832	G584	1
G893	G584	1
G11	G585	1
G28	G585	1
G85	G585	1
G111	G585	1
G116	G585	1
G204	G585	1
G219	G585	1
G288	G585	1
G520	G585	1
G534	G585	1
G546	G585	1
G616	G585	1
G661	G585	1
G681	G585	1
G688	G585	1
G744	G585	1
G812	G585	1
G963	G585	1
G85	G586	1
G141	G586	1
G336	G586	1
G814	G586	1
G70	G587	1
G84	G587	1
G373	G587	1
G460	G587	1
G479	G587	1
G676	G587	1
G723	G587	1
G777	G587	1
G981	G587	1
G310	G588	1
G349	G588	1
G74	G590	1
G98	G590	1
G221	G590	1
G274	G590	1
G484	G590	1
G571	G590	1
G745	G590	1
G779	G590	1
G808	G590	1
G864	G590	1
G909	G590	1
G996	G590	1
G74	G591	1
G274	G591	1
G537	G591	1
G745	G591	1
G808	G591	1
G996	G591	1
G274	G594	1
G295	G594	1
G745	G594	1
G2	G595	1
G129	G595	1
G195	G595	1
G410	G595	1
G416	G595	1
G432	G595	1
G519	G595	1
G598	G595	1
G609	G595	1
G691	G595	1
G718	G595	1
G739	G595	1
G749	G595	1
G768	G595	1
G774	G595	1
G800	G595	1
G862	G595	1
G873	G595	1
G886	G595	1
G957	G595	1
G85	G596	1
G710	G596	1
G893	G596	1
G219	G597	1
G310	G597	1
G365	G597	1
G678	G597	1
G129	G598	1
G209	G598	1
G278	G598	1
G381	G598	1
G416	G598	1
G739	G598	1
G768	G598	1
G957	G598	1
G651	G599	1
G808	G601	1
G116	G602	1
G520	G602	1
G636	G602	1
G688	G602	1
G744	G602	1
G988	G602	1
G508	G603	1
G651	G603	1
G782	G603	1
G5	G604	1
G422	G604	1
G449	G604	1
G612	G604	1
G722	G604	1
G795	G604	1
G830	G604	1
G85	G605	1
G381	G605	1
G609	G605	1
G893	G605	1
G911	G605	1
G928	G605	1
G85	G606	1
G381	G606	1
G584	G606	1
G609	G606	1
G780	G606	1
G55	G607	1
G85	G607	1
G265	G607	1
G278	G607	1
G416	G607	1
G598	G607	1
G886	G607	1
G910	G607	1
G957	G607	1
G381	G608	1
G508	G608	1
G609	G608	1
G780	G608	1
G893	G608	1
G85	G609	1
G381	G609	1
G780	G609	1
G893	G609	1
G894	G609	1
G31	G610	1
G219	G610	1
G520	G610	1
G534	G610	1
G422	G612	1
G55	G613	1
G98	G613	1
G141	G613	1
G769	G613	1
G814	G613	1
G508	G614	1
G651	G614	1
G662	G614	1
G761	G614	1
G150	G615	1
G199	G615	1
G277	G615	1
G331	G615	1
G611	G615	1
G884	G615	1
G965	G615	1
G520	G616	1
G85	G617	1
G381	G617	1
G894	G617	1
G928	G617	1
G74	G618	1
G274	G618	1
G484	G618	1
G571	G618	1
G745	G618	1
G808	G618	1
G996	G618	1
G140	G619	1
G277	G619	1
G611	G619	1
G965	G619	1
G85	G620	1
G381	G620	1
G609	G620	1
G780	G620	1
G970	G620	1
G74	G621	1
G274	G621	1
G571	G621	1
G745	G621	1
G520	G623	1
G877	G623	1
G31	G624	1
G520	G624	1
G761	G624	1
G877	G624	1
G122	G625	1
G390	G625	1
G680	G625	1
G733	G625	1
G827	G625	1
G881	G625	1
G891	G625	1
G897	G625	1
G131	G626	1
G363	G626	1
G421	G626	1
G685	G626	1
G799	G626	1
G983	G626	1
G31	G627	1
G168	G627	1
G219	G627	1
G534	G627	1
G588	G627	1
G636	G627	1
G688	G627	1
G690	G627	1
G812	G627	1
G823	G627	1
G963	G627	1
G988	G627	1
G36	G628	1
G55	G628	1
G84	G628	1
G141	G628	1
G336	G628	1
G380	G628	1
G537	G628	1
G701	G628	1
G761	G628	1
G769	G628	1
G781	G628	1
G814	G628	1
G910	G628	1
G955	G628	1
G976	G628	1
G6	G629	1
G25	G629	1
G28	G629	1
G31	G629	1
G44	G629	1
G46	G629	1
G55	G629	1
G82	G629	1
G111	G629	1
G174	G629	1
G177	G629	1
G204	G629	1
G219	G629	1
G288	G629	1
G307	G629	1
G426	G629	1
G520	G629	1
G547	G629	1
G602	G629	1
G603	G629	1
G623	G629	1
G627	G629	1
G633	G629	1
G636	G629	1
G640	G629	1
G661	G629	1
G681	G629	1
G688	G629	1
G690	G629	1
G746	G629	1
G797	G629	1
G847	G629	1
G852	G629	1
G857	G629	1
G877	G629	1
G955	G629	1
G988	G629	1
G74	G630	1
G484	G630	1
G745	G630	1
G808	G630	1
G864	G630	1
G36	G631	1
G55	G631	1
G141	G631	1
G537	G631	1
G657	G631	1
G701	G631	1
G769	G631	1
G814	G631	1
G855	G631	1
G870	G631	1
G889	G631	1
G910	G631	1
G928	G631	1
G955	G631	1
G381	G632	1
G609	G632	1
G768	G632	1
G894	G632	1
G928	G632	1
G520	G633	1
G877	G633	1
G125	G634	1
G571	G634	1
G808	G634	1
G14	G635	1
G344	G635	1
G425	G635	1
G437	G635	1
G484	G635	1
G493	G635	1
G549	G635	1
G594	G635	1
G621	G635	1
G745	G635	1
G808	G635	1
G864	G635	1
G909	G635	1
G996	G635	1
G520	G636	1
G782	G636	1
G877	G636	1
G140	G638	1
G611	G638	1
G854	G638	1
G882	G638	1
G66	G639	1
G283	G639	1
G510	G639	1
G845	G639	1
G116	G640	1
G168	G640	1
G219	G640	1
G534	G640	1
G681	G640	1
G688	G640	1
G744	G640	1
G823	G640	1
G963	G640	1
G278	G641	1
G416	G641	1
G691	G641	1
G718	G641	1
G739	G641	1
G800	G641	1
G862	G641	1
G873	G641	1
G886	G641	1
G976	G642	1
G479	G643	1
G66	G644	1
G153	G644	1
G252	G644	1
G283	G644	1
G300	G644	1
G503	G644	1
G530	G644	1
G837	G644	1
G893	G644	1
G956	G644	1
G987	G644	1
G999	G644	1
G209	G645	1
G265	G645	1
G336	G645	1
G85	G646	1
G99	G646	1
G105	G646	1
G333	G646	1
G381	G646	1
G432	G646	1
G563	G646	1
G588	G646	1
G780	G646	1
G894	G646	1
G928	G646	1
G219	G647	1
G877	G647	1
G363	G648	1
G898	G648	1
G55	G649	1
G336	G649	1
G380	G649	1
G701	G649	1
G761	G649	1
G769	G649	1
G781	G649	1
G853	G649	1
G976	G649	1
G261	G650	1
G429	G650	1
G461	G650	1
G882	G650	1
G662	G651	1
G95	G652	1
G355	G652	1
G554	G652	1
G112	G654	1
G390	G654	1
G461	G654	1
G680	G654	1
G153	G655	1
G283	G655	1
G300	G655	1
G499	G655	1
G503	G655	1
G845	G655	1
G141	G656	1
G336	G656	1
G814	G656	1
G976	G656	1
G141	G657	1
G76	G658	1
G508	G658	1
G651	G658	1
G719	G658	1
G95	G659	1
G387	G659	1
G405	G659	1
G554	G659	1
G555	G659	1
G902	G659	1
G928	G659	1
G183	G660	1
G274	G660	1
G355	G660	1
G387	G660	1
G391	G660	1
G425	G660	1
G475	G660	1
G538	G660	1
G554	G660	1
G555	G660	1
G571	G660	1
G695	G660	1
G712	G660	1
G762	G660	1
G902	G660	1
G31	G661	1
G168	G661	1
G177	G661	1
G219	G661	1
G688	G661	1
G109	G662	1
G491	G662	1
G496	G662	1
G686	G662	1
G719	G662	1
G782	G662	1
G796	G662	1
G846	G662	1
G808	G663	1
G36	G664	1
G218	G664	1
G336	G664	1
G537	G664	1
G769	G664	1
G846	G664	1
G910	G664	1
G976	G664	1
G8	G665	1
G195	G665	1
G423	G665	1
G571	G665	1
G766	G665	1
G131	G666	1
G363	G666	1
G799	G666	1
G983	G666	1
G50	G667	1
G390	G667	1
G429	G667	1
G461	G667	1
G568	G667	1
G625	G667	1
G680	G667	1
G891	G667	1
G274	G668	1
G808	G668	1
G66	G669	1
G503	G669	1
G845	G669	1
G987	G669	1
G808	G670	1
G278	G671	1
G466	G671	1
G507	G671	1
G666	G671	1
G685	G671	1
G785	G671	1
G818	G671	1
G845	G671	1
G895	G671	1
G983	G671	1
G274	G672	1
G484	G672	1
G571	G672	1
G745	G672	1
G808	G672	1
G864	G672	1
G996	G672	1
G74	G674	1
G484	G674	1
G571	G674	1
G745	G674	1
G748	G674	1
G808	G674	1
G996	G674	1
G998	G674	1
G85	G675	1
G245	G675	1
G456	G675	1
G563	G675	1
G609	G675	1
G780	G675	1
G795	G675	1
G893	G675	1
G78	G676	1
G205	G676	1
G517	G676	1
G536	G676	1
G575	G676	1
G779	G676	1
G141	G677	1
G299	G677	1
G818	G677	1
G895	G677	1
G898	G677	1
G85	G678	1
G609	G678	1
G893	G678	1
G140	G679	1
G150	G679	1
G199	G679	1
G255	G679	1
G277	G679	1
G316	G679	1
G331	G679	1
G352	G679	1
G619	G679	1
G714	G679	1
G942	G679	1
G965	G679	1
G429	G680	1
G625	G680	1
G882	G680	1
G31	G681	1
G111	G681	1
G219	G681	1
G265	G681	1
G546	G681	1
G602	G681	1
G616	G681	1
G654	G681	1
G690	G681	1
G744	G681	1
G877	G681	1
G141	G682	1
G423	G683	1
G934	G683	1
G970	G683	1
G246	G684	1
G261	G684	1
G322	G684	1
G983	G685	1
G219	G686	1
G603	G686	1
G782	G686	1
G796	G686	1
G84	G687	1
G105	G687	1
G676	G687	1
G777	G687	1
G137	G688	1
G219	G688	1
G274	G689	1
G484	G689	1
G745	G689	1
G808	G689	1
G31	G690	1
G219	G690	1
G520	G690	1
G636	G690	1
G739	G691	1
G47	G692	1
G64	G692	1
G85	G692	1
G117	G692	1
G155	G692	1
G201	G692	1
G226	G692	1
G238	G692	1
G290	G692	1
G374	G692	1
G381	G692	1
G430	G692	1
G432	G692	1
G476	G692	1
G523	G692	1
G528	G692	1
G532	G692	1
G545	G692	1
G576	G692	1
G592	G692	1
G612	G692	1
G622	G692	1
G767	G692	1
G839	G692	1
G864	G692	1
G884	G692	1
G887	G692	1
G888	G692	1
G911	G692	1
G928	G692	1
G930	G692	1
G937	G692	1
G964	G692	1
G985	G692	1
G363	G693	1
G898	G693	1
G983	G693	1
G422	G694	1
G195	G695	1
G554	G695	1
G129	G696	1
G278	G696	1
G739	G696	1
G66	G697	1
G153	G697	1
G283	G697	1
G845	G697	1
G274	G698	1
G745	G698	1
G808	G698	1
G336	G700	1
G36	G701	1
G55	G701	1
G141	G701	1
G336	G701	1
G380	G701	1
G814	G701	1
G855	G701	1
G976	G701	1
G611	G702	1
G854	G702	1
G12	G703	1
G140	G703	1
G150	G703	1
G255	G703	1
G277	G703	1
G316	G703	1
G331	G703	1
G352	G703	1
G611	G703	1
G714	G703	1
G854	G703	1
G976	G704	1
G36	G705	1
G55	G705	1
G141	G705	1
G537	G705	1
G808	G705	1
G814	G705	1
G855	G705	1
G36	G706	1
G699	G706	1
G380	G707	1
G814	G707	1
G976	G707	1
G197	G708	1
G310	G708	1
G337	G708	1
G365	G708	1
G432	G708	1
G462	G708	1
G464	G708	1
G560	G708	1
G566	G708	1
G588	G708	1
G726	G708	1
G806	G708	1
G821	G708	1
G859	G708	1
G940	G708	1
G942	G708	1
G998	G708	1
G95	G709	1
G387	G709	1
G538	G709	1
G554	G709	1
G555	G709	1
G556	G709	1
G660	G709	1
G710	G709	1
G762	G709	1
G95	G710	1
G355	G710	1
G556	G710	1
G762	G710	1
G902	G710	1
G129	G711	1
G139	G711	1
G278	G711	1
G519	G711	1
G739	G711	1
G710	G712	1
G902	G712	1
G78	G713	1
G105	G713	1
G137	G713	1
G236	G713	1
G248	G713	1
G516	G713	1
G673	G713	1
G676	G713	1
G699	G713	1
G779	G713	1
G815	G713	1
G866	G713	1
G976	G713	1
G814	G715	1
G976	G715	1
G554	G716	1
G141	G717	1
G336	G717	1
G380	G717	1
G129	G718	1
G209	G718	1
G218	G718	1
G278	G718	1
G380	G718	1
G410	G718	1
G519	G718	1
G736	G718	1
G768	G718	1
G862	G718	1
G873	G718	1
G957	G718	1
G76	G719	1
G508	G719	1
G651	G719	1
G910	G719	1
G970	G719	1
G834	G720	1
G63	G721	1
G98	G721	1
G120	G721	1
G189	G721	1
G208	G721	1
G214	G721	1
G221	G721	1
G274	G721	1
G297	G721	1
G344	G721	1
G425	G721	1
G484	G721	1
G509	G721	1
G527	G721	1
G549	G721	1
G603	G721	1
G748	G721	1
G825	G721	1
G889	G721	1
G908	G721	1
G923	G721	1
G981	G721	1
G996	G721	1
G5	G722	1
G209	G722	1
G449	G722	1
G456	G722	1
G810	G722	1
G84	G723	1
G947	G723	1
G7	G724	1
G9	G724	1
G38	G724	1
G55	G724	1
G59	G724	1
G68	G724	1
G80	G724	1
G127	G724	1
G141	G724	1
G150	G724	1
G164	G724	1
G218	G724	1
G220	G724	1
G233	G724	1
G396	G724	1
G407	G724	1
G442	G724	1
G444	G724	1
G451	G724	1
G472	G724	1
G537	G724	1
G648	G724	1
G704	G724	1
G707	G724	1
G715	G724	1
G761	G724	1
G910	G724	1
G929	G724	1
G931	G724	1
G945	G724	1
G974	G724	1
G5	G725	1
G37	G725	1
G92	G725	1
G246	G725	1
G363	G725	1
G422	G725	1
G449	G725	1
G722	G725	1
G810	G725	1
G832	G725	1
G299	G726	1
G349	G726	1
G365	G726	1
G940	G726	1
G998	G726	1
G12	G727	1
G150	G727	1
G199	G727	1
G331	G727	1
G461	G727	1
G611	G727	1
G854	G727	1
G884	G727	1
G965	G727	1
G349	G729	1
G588	G729	1
G484	G730	1
G153	G731	1
G5	G732	1
G609	G732	1
G893	G732	1
G322	G733	1
G407	G733	1
G461	G733	1
G625	G733	1
G781	G733	1
G891	G733	1
G936	G733	1
G70	G734	1
G123	G734	1
G137	G734	1
G234	G734	1
G243	G734	1
G460	G734	1
G777	G734	1
G779	G734	1
G913	G734	1
G8	G735	1
G115	G735	1
G156	G735	1
G186	G735	1
G195	G735	1
G399	G735	1
G474	G735	1
G495	G735	1
G787	G735	1
G846	G735	1
G859	G735	1
G956	G735	1
G975	G735	1
G139	G736	1
G278	G736	1
G416	G736	1
G519	G736	1
G541	G736	1
G598	G736	1
G614	G736	1
G660	G736	1
G739	G736	1
G768	G736	1
G957	G736	1
G84	G737	1
G123	G737	1
G205	G737	1
G243	G737	1
G301	G737	1
G304	G737	1
G479	G737	1
G536	G737	1
G676	G737	1
G777	G737	1
G947	G737	1
G981	G737	1
G982	G737	1
G84	G738	1
G129	G739	1
G278	G739	1
G519	G739	1
G76	G740	1
G301	G740	1
G508	G740	1
G603	G740	1
G651	G740	1
G662	G740	1
G719	G740	1
G782	G740	1
G796	G740	1
G914	G740	1
G36	G741	1
G310	G741	1
G349	G741	1
G365	G741	1
G432	G741	1
G588	G741	1
G940	G741	1
G998	G741	1
G53	G742	1
G84	G742	1
G85	G742	1
G301	G742	1
G385	G742	1
G479	G742	1
G854	G742	1
G972	G742	1
G310	G743	1
G349	G743	1
G365	G743	1
G432	G743	1
G940	G743	1
G942	G743	1
G998	G743	1
G63	G745	1
G74	G745	1
G214	G745	1
G432	G745	1
G484	G745	1
G549	G745	1
G571	G745	1
G588	G745	1
G748	G745	1
G808	G745	1
G864	G745	1
G909	G745	1
G942	G745	1
G996	G745	1
G219	G746	1
G520	G746	1
G534	G746	1
G688	G746	1
G744	G746	1
G877	G746	1
G988	G746	1
G423	G747	1
G274	G748	1
G808	G748	1
G125	G749	1
G129	G749	1
G139	G749	1
G265	G749	1
G386	G749	1
G416	G749	1
G519	G749	1
G768	G749	1
G105	G750	1
G140	G750	1
G150	G750	1
G277	G750	1
G884	G750	1
G31	G751	1
G36	G751	1
G252	G751	1
G769	G751	1
G853	G751	1
G855	G751	1
G901	G751	1
G910	G751	1
G927	G751	1
G31	G752	1
G902	G752	1
G141	G753	1
G336	G753	1
G814	G753	1
G976	G753	1
G61	G754	1
G214	G754	1
G347	G754	1
G437	G754	1
G509	G754	1
G571	G754	1
G594	G754	1
G808	G754	1
G864	G754	1
G909	G754	1
G996	G754	1
G31	G755	1
G116	G755	1
G177	G755	1
G219	G755	1
G690	G755	1
G877	G755	1
G520	G756	1
G854	G756	1
G85	G757	1
G682	G757	1
G893	G757	1
G976	G759	1
G310	G760	1
G555	G762	1
G556	G762	1
G710	G762	1
G744	G762	1
G36	G763	1
G603	G763	1
G722	G763	1
G987	G763	1
G95	G764	1
G112	G764	1
G183	G764	1
G216	G764	1
G224	G764	1
G268	G764	1
G287	G764	1
G289	G764	1
G328	G764	1
G355	G764	1
G381	G764	1
G405	G764	1
G460	G764	1
G475	G764	1
G554	G764	1
G556	G764	1
G695	G764	1
G709	G764	1
G5	G765	1
G322	G765	1
G422	G765	1
G449	G765	1
G612	G765	1
G820	G765	1
G830	G765	1
G832	G765	1
G841	G765	1
G165	G766	1
G195	G766	1
G423	G766	1
G495	G766	1
G975	G766	1
G70	G768	1
G129	G768	1
G265	G768	1
G278	G768	1
G739	G768	1
G55	G769	1
G141	G769	1
G336	G769	1
G380	G769	1
G814	G769	1
G183	G770	1
G355	G770	1
G387	G770	1
G405	G770	1
G538	G770	1
G554	G770	1
G660	G770	1
G762	G770	1
G902	G770	1
G942	G770	1
G55	G771	1
G66	G771	1
G225	G771	1
G252	G771	1
G277	G771	1
G283	G771	1
G493	G771	1
G499	G771	1
G503	G771	1
G510	G771	1
G637	G771	1
G837	G771	1
G845	G771	1
G274	G772	1
G808	G772	1
G862	G772	1
G996	G772	1
G22	G773	1
G112	G773	1
G228	G773	1
G324	G773	1
G407	G773	1
G684	G773	1
G701	G773	1
G766	G773	1
G881	G773	1
G897	G773	1
G965	G773	1
G571	G774	1
G183	G775	1
G216	G775	1
G405	G775	1
G554	G775	1
G556	G775	1
G688	G775	1
G36	G776	1
G50	G776	1
G55	G776	1
G141	G776	1
G218	G776	1
G336	G776	1
G682	G776	1
G761	G776	1
G769	G776	1
G853	G776	1
G855	G776	1
G927	G776	1
G945	G776	1
G84	G777	1
G105	G777	1
G205	G777	1
G294	G777	1
G355	G777	1
G450	G777	1
G676	G777	1
G699	G777	1
G737	G777	1
G913	G777	1
G124	G778	1
G140	G778	1
G150	G778	1
G195	G778	1
G199	G778	1
G255	G778	1
G277	G778	1
G316	G778	1
G453	G778	1
G555	G778	1
G611	G778	1
G615	G778	1
G619	G778	1
G638	G778	1
G714	G778	1
G750	G778	1
G809	G778	1
G829	G778	1
G854	G778	1
G893	G778	1
G85	G780	1
G609	G780	1
G893	G780	1
G55	G781	1
G141	G781	1
G336	G781	1
G380	G781	1
G814	G781	1
G855	G781	1
G910	G781	1
G976	G781	1
G195	G783	1
G956	G783	1
G84	G784	1
G216	G784	1
G283	G784	1
G287	G784	1
G310	G784	1
G386	G784	1
G387	G784	1
G391	G784	1
G405	G784	1
G422	G784	1
G475	G784	1
G509	G784	1
G695	G784	1
G710	G784	1
G722	G784	1
G762	G784	1
G865	G784	1
G902	G784	1
G898	G785	1
G422	G786	1
G449	G786	1
G98	G787	1
G133	G787	1
G165	G787	1
G195	G787	1
G495	G787	1
G766	G787	1
G859	G787	1
G956	G787	1
G85	G788	1
G99	G788	1
G117	G788	1
G226	G788	1
G238	G788	1
G323	G788	1
G374	G788	1
G413	G788	1
G473	G788	1
G511	G788	1
G528	G788	1
G545	G788	1
G576	G788	1
G596	G788	1
G609	G788	1
G617	G788	1
G646	G788	1
G651	G788	1
G678	G788	1
G780	G788	1
G794	G788	1
G802	G788	1
G819	G788	1
G824	G788	1
G839	G788	1
G854	G788	1
G887	G788	1
G893	G788	1
G894	G788	1
G924	G788	1
G928	G788	1
G933	G788	1
G937	G788	1
G964	G788	1
G349	G789	1
G32	G790	1
G269	G790	1
G466	G790	1
G483	G790	1
G648	G790	1
G785	G790	1
G805	G790	1
G818	G790	1
G898	G790	1
G920	G790	1
G999	G790	1
G141	G791	1
G662	G792	1
G723	G792	1
G782	G792	1
G893	G794	1
G5	G795	1
G37	G795	1
G84	G795	1
G93	G795	1
G239	G795	1
G246	G795	1
G327	G795	1
G422	G795	1
G449	G795	1
G722	G795	1
G830	G795	1
G832	G795	1
G841	G795	1
G43	G796	1
G109	G796	1
G121	G796	1
G434	G796	1
G491	G796	1
G508	G796	1
G662	G796	1
G719	G796	1
G31	G797	1
G219	G797	1
G534	G797	1
G636	G797	1
G681	G797	1
G688	G797	1
G690	G797	1
G744	G797	1
G823	G797	1
G877	G797	1
G112	G798	1
G237	G798	1
G275	G798	1
G432	G798	1
G462	G798	1
G565	G798	1
G653	G798	1
G693	G798	1
G806	G798	1
G821	G798	1
G940	G798	1
G942	G798	1
G998	G798	1
G299	G799	1
G363	G799	1
G421	G799	1
G477	G799	1
G535	G799	1
G592	G799	1
G648	G799	1
G693	G799	1
G785	G799	1
G787	G799	1
G818	G799	1
G898	G799	1
G129	G800	1
G139	G800	1
G209	G800	1
G265	G800	1
G278	G800	1
G739	G800	1
G76	G801	1
G109	G801	1
G508	G801	1
G796	G801	1
G846	G801	1
G896	G801	1
G914	G801	1
G85	G802	1
G609	G802	1
G780	G802	1
G893	G802	1
G976	G802	1
G53	G803	1
G70	G803	1
G84	G803	1
G205	G803	1
G236	G803	1
G301	G803	1
G373	G803	1
G461	G803	1
G479	G803	1
G536	G803	1
G643	G803	1
G713	G803	1
G737	G803	1
G777	G803	1
G972	G803	1
G150	G804	1
G209	G804	1
G277	G804	1
G611	G804	1
G782	G804	1
G965	G804	1
G988	G804	1
G898	G805	1
G31	G807	1
G649	G807	1
G877	G807	1
G277	G809	1
G611	G809	1
G5	G810	1
G422	G810	1
G449	G810	1
G722	G810	1
G854	G810	1
G310	G811	1
G337	G811	1
G349	G811	1
G365	G811	1
G432	G811	1
G492	G811	1
G588	G811	1
G726	G811	1
G806	G811	1
G821	G811	1
G942	G811	1
G998	G811	1
G31	G812	1
G168	G812	1
G177	G812	1
G416	G812	1
G520	G812	1
G623	G812	1
G636	G812	1
G690	G812	1
G877	G812	1
G963	G812	1
G988	G812	1
G274	G813	1
G745	G813	1
G808	G813	1
G976	G814	1
G105	G815	1
G479	G815	1
G676	G815	1
G611	G816	1
G177	G817	1
G219	G817	1
G520	G817	1
G636	G817	1
G823	G817	1
G852	G817	1
G963	G817	1
G988	G817	1
G131	G818	1
G363	G818	1
G535	G818	1
G592	G818	1
G648	G818	1
G693	G818	1
G898	G818	1
G983	G818	1
G5	G820	1
G246	G820	1
G449	G820	1
G612	G820	1
G722	G820	1
G810	G820	1
G832	G820	1
G310	G821	1
G349	G821	1
G365	G821	1
G432	G821	1
G741	G821	1
G806	G821	1
G940	G821	1
G942	G821	1
G998	G821	1
G808	G822	1
G219	G823	1
G520	G823	1
G214	G825	1
G274	G825	1
G484	G825	1
G571	G825	1
G745	G825	1
G748	G825	1
G808	G825	1
G864	G825	1
G976	G825	1
G274	G826	1
G484	G826	1
G745	G826	1
G808	G826	1
G429	G827	1
G603	G827	1
G625	G827	1
G799	G827	1
G277	G829	1
G611	G829	1
G422	G830	1
G449	G830	1
G261	G831	1
G594	G831	1
G680	G831	1
G882	G831	1
G5	G832	1
G75	G832	1
G164	G832	1
G185	G832	1
G200	G832	1
G239	G832	1
G246	G832	1
G315	G832	1
G449	G832	1
G501	G832	1
G506	G832	1
G593	G832	1
G612	G832	1
G722	G832	1
G941	G832	1
G70	G833	1
G153	G833	1
G510	G833	1
G511	G833	1
G799	G833	1
G987	G833	1
G877	G834	1
G85	G835	1
G381	G835	1
G609	G835	1
G780	G835	1
G928	G835	1
G976	G835	1
G976	G836	1
G66	G837	1
G153	G837	1
G225	G837	1
G252	G837	1
G431	G837	1
G503	G837	1
G862	G837	1
G999	G837	1
G131	G838	1
G363	G838	1
G648	G838	1
G983	G838	1
G975	G839	1
G116	G840	1
G219	G840	1
G636	G840	1
G690	G840	1
G988	G840	1
G534	G841	1
G85	G842	1
G381	G842	1
G780	G842	1
G893	G842	1
G261	G843	1
G429	G843	1
G680	G843	1
G808	G843	1
G5	G844	1
G491	G844	1
G520	G844	1
G603	G844	1
G503	G845	1
G987	G845	1
G651	G847	1
G782	G847	1
G274	G848	1
G745	G848	1
G808	G848	1
G31	G849	1
G111	G849	1
G520	G849	1
G602	G849	1
G636	G849	1
G681	G849	1
G688	G849	1
G852	G849	1
G963	G849	1
G85	G850	1
G893	G850	1
G153	G851	1
G510	G851	1
G845	G851	1
G983	G851	1
G219	G852	1
G520	G852	1
G688	G852	1
G877	G852	1
G277	G854	1
G976	G855	1
G380	G856	1
G390	G856	1
G429	G856	1
G625	G856	1
G680	G856	1
G882	G856	1
G31	G857	1
G168	G857	1
G177	G857	1
G219	G857	1
G636	G857	1
G688	G857	1
G690	G857	1
G744	G857	1
G823	G857	1
G877	G857	1
G963	G857	1
G84	G858	1
G105	G858	1
G479	G858	1
G947	G858	1
G423	G859	1
G116	G860	1
G168	G860	1
G219	G860	1
G520	G860	1
G534	G860	1
G636	G860	1
G690	G860	1
G988	G860	1
G8	G861	1
G165	G861	1
G195	G861	1
G423	G861	1
G766	G861	1
G808	G861	1
G956	G861	1
G129	G862	1
G265	G862	1
G278	G862	1
G976	G863	1
G274	G864	1
G484	G864	1
G571	G864	1
G594	G864	1
G745	G864	1
G748	G864	1
G808	G864	1
G355	G865	1
G556	G865	1
G660	G865	1
G710	G865	1
G814	G865	1
G84	G866	1
G105	G866	1
G947	G866	1
G43	G867	1
G63	G867	1
G251	G867	1
G367	G867	1
G491	G867	1
G508	G867	1
G614	G867	1
G651	G867	1
G719	G867	1
G782	G867	1
G914	G867	1
G968	G867	1
G662	G868	1
G782	G868	1
G274	G869	1
G484	G869	1
G745	G869	1
G808	G869	1
G36	G870	1
G336	G870	1
G537	G870	1
G855	G870	1
G976	G870	1
G55	G871	1
G141	G871	1
G568	G871	1
G814	G871	1
G976	G871	1
G84	G872	1
G123	G872	1
G460	G872	1
G777	G872	1
G782	G872	1
G739	G873	1
G5	G874	1
G200	G874	1
G239	G874	1
G327	G874	1
G422	G874	1
G449	G874	1
G579	G874	1
G612	G874	1
G722	G874	1
G820	G874	1
G484	G875	1
G571	G875	1
G745	G875	1
G808	G875	1
G85	G876	1
G609	G876	1
G893	G876	1
G121	G878	1
G153	G878	1
G303	G878	1
G367	G878	1
G491	G878	1
G496	G878	1
G508	G878	1
G509	G878	1
G562	G878	1
G603	G878	1
G719	G878	1
G722	G878	1
G914	G878	1
G956	G878	1
G12	G879	1
G140	G879	1
G150	G879	1
G611	G879	1
G714	G879	1
G854	G879	1
G884	G879	1
G965	G879	1
G129	G880	1
G139	G880	1
G209	G880	1
G252	G880	1
G265	G880	1
G278	G880	1
G598	G880	1
G691	G880	1
G739	G880	1
G768	G880	1
G800	G880	1
G873	G880	1
G886	G880	1
G957	G880	1
G680	G881	1
G79	G882	1
G122	G882	1
G228	G882	1
G261	G882	1
G324	G882	1
G365	G882	1
G390	G882	1
G429	G882	1
G431	G882	1
G448	G882	1
G625	G882	1
G688	G882	1
G856	G882	1
G881	G882	1
G12	G883	1
G140	G883	1
G150	G883	1
G277	G883	1
G611	G883	1
G854	G883	1
G277	G884	1
G611	G884	1
G85	G885	1
G893	G885	1
G85	G887	1
G99	G887	1
G201	G887	1
G295	G887	1
G391	G887	1
G456	G887	1
G563	G887	1
G609	G887	1
G617	G887	1
G780	G887	1
G876	G887	1
G893	G887	1
G894	G887	1
G911	G887	1
G928	G887	1
G381	G888	1
G432	G888	1
G556	G888	1
G609	G888	1
G617	G888	1
G780	G888	1
G911	G888	1
G814	G889	1
G245	G890	1
G300	G890	1
G421	G890	1
G483	G890	1
G535	G890	1
G648	G890	1
G685	G890	1
G693	G890	1
G790	G890	1
G818	G890	1
G112	G891	1
G122	G891	1
G882	G891	1
G897	G891	1
G85	G892	1
G99	G892	1
G195	G892	1
G201	G892	1
G333	G892	1
G456	G892	1
G617	G892	1
G780	G892	1
G884	G892	1
G893	G892	1
G911	G892	1
G928	G892	1
G168	G893	1
G381	G893	1
G456	G893	1
G617	G893	1
G876	G893	1
G894	G893	1
G911	G893	1
G928	G893	1
G85	G894	1
G609	G894	1
G893	G894	1
G483	G895	1
G535	G895	1
G693	G895	1
G761	G895	1
G898	G895	1
G924	G895	1
G36	G896	1
G55	G896	1
G336	G896	1
G380	G896	1
G814	G896	1
G66	G898	1
G131	G898	1
G12	G899	1
G140	G899	1
G150	G899	1
G277	G899	1
G854	G899	1
G884	G899	1
G965	G899	1
G278	G900	1
G739	G900	1
G31	G901	1
G520	G901	1
G534	G901	1
G739	G901	1
G877	G901	1
G183	G902	1
G355	G902	1
G554	G902	1
G555	G902	1
G660	G902	1
G762	G902	1
G876	G902	1
G893	G902	1
G942	G902	1
G274	G903	1
G808	G903	1
G422	G904	1
G520	G904	1
G636	G904	1
G877	G904	1
G278	G905	1
G676	G905	1
G768	G905	1
G976	G905	1
G310	G906	1
G349	G906	1
G274	G907	1
G347	G907	1
G571	G907	1
G748	G907	1
G808	G907	1
G864	G907	1
G484	G908	1
G699	G908	1
G745	G908	1
G808	G908	1
G274	G909	1
G745	G909	1
G808	G909	1
G141	G910	1
G336	G910	1
G814	G910	1
G85	G911	1
G200	G911	1
G333	G911	1
G381	G911	1
G563	G911	1
G609	G911	1
G617	G911	1
G893	G911	1
G894	G911	1
G43	G912	1
G76	G912	1
G109	G912	1
G121	G912	1
G219	G912	1
G251	G912	1
G375	G912	1
G419	G912	1
G427	G912	1
G491	G912	1
G496	G912	1
G503	G912	1
G638	G912	1
G651	G912	1
G686	G912	1
G719	G912	1
G740	G912	1
G782	G912	1
G84	G913	1
G947	G913	1
G43	G914	1
G76	G914	1
G85	G914	1
G109	G914	1
G303	G914	1
G385	G914	1
G562	G914	1
G603	G914	1
G651	G914	1
G686	G914	1
G719	G914	1
G782	G914	1
G796	G914	1
G847	G914	1
G84	G915	1
G105	G915	1
G261	G916	1
G429	G916	1
G680	G916	1
G882	G916	1
G195	G917	1
G423	G917	1
G84	G918	1
G105	G918	1
G219	G919	1
G520	G919	1
G636	G919	1
G877	G919	1
G84	G921	1
G137	G921	1
G479	G921	1
G779	G921	1
G153	G922	1
G571	G922	1
G61	G923	1
G74	G923	1
G214	G923	1
G221	G923	1
G319	G923	1
G437	G923	1
G447	G923	1
G484	G923	1
G509	G923	1
G548	G923	1
G748	G923	1
G808	G923	1
G909	G923	1
G996	G923	1
G808	G925	1
G219	G926	1
G141	G927	1
G814	G927	1
G976	G927	1
G85	G928	1
G893	G928	1
G30	G929	1
G38	G929	1
G55	G929	1
G141	G929	1
G187	G929	1
G218	G929	1
G235	G929	1
G380	G929	1
G381	G929	1
G405	G929	1
G411	G929	1
G422	G929	1
G444	G929	1
G479	G929	1
G537	G929	1
G586	G929	1
G682	G929	1
G701	G929	1
G715	G929	1
G761	G929	1
G769	G929	1
G782	G929	1
G853	G929	1
G855	G929	1
G870	G929	1
G931	G929	1
G935	G929	1
G945	G929	1
G100	G932	1
G151	G932	1
G400	G932	1
G458	G932	1
G535	G932	1
G648	G932	1
G685	G932	1
G693	G932	1
G799	G932	1
G894	G932	1
G898	G932	1
G983	G932	1
G85	G933	1
G238	G933	1
G333	G933	1
G381	G933	1
G576	G933	1
G609	G933	1
G617	G933	1
G622	G933	1
G794	G933	1
G819	G933	1
G828	G933	1
G887	G933	1
G893	G933	1
G894	G933	1
G911	G933	1
G943	G933	1
G66	G934	1
G153	G934	1
G283	G934	1
G845	G934	1
G884	G934	1
G36	G935	1
G141	G935	1
G380	G935	1
G884	G935	1
G50	G936	1
G897	G936	1
G971	G936	1
G99	G937	1
G201	G937	1
G333	G937	1
G381	G937	1
G511	G937	1
G563	G937	1
G609	G937	1
G617	G937	1
G693	G937	1
G710	G937	1
G726	G937	1
G828	G937	1
G893	G937	1
G928	G937	1
G84	G939	1
G105	G939	1
G137	G939	1
G304	G939	1
G678	G939	1
G779	G939	1
G996	G939	1
G310	G940	1
G349	G940	1
G588	G940	1
G5	G941	1
G37	G941	1
G422	G941	1
G449	G941	1
G612	G941	1
G722	G941	1
G310	G942	1
G349	G942	1
G365	G942	1
G588	G942	1
G893	G942	1
G940	G942	1
G998	G942	1
G415	G943	1
G511	G943	1
G609	G943	1
G617	G943	1
G678	G943	1
G780	G943	1
G794	G943	1
G812	G943	1
G819	G943	1
G824	G943	1
G828	G943	1
G887	G943	1
G928	G943	1
G14	G944	1
G74	G944	1
G214	G944	1
G274	G944	1
G347	G944	1
G380	G944	1
G437	G944	1
G594	G944	1
G621	G944	1
G745	G944	1
G808	G944	1
G36	G945	1
G55	G945	1
G218	G945	1
G288	G945	1
G336	G945	1
G537	G945	1
G769	G945	1
G814	G945	1
G844	G945	1
G853	G945	1
G855	G945	1
G910	G945	1
G976	G945	1
G66	G946	1
G349	G946	1
G365	G946	1
G432	G946	1
G588	G946	1
G105	G947	1
G74	G948	1
G269	G948	1
G363	G948	1
G400	G948	1
G421	G948	1
G466	G948	1
G477	G948	1
G507	G948	1
G619	G948	1
G677	G948	1
G785	G948	1
G898	G948	1
G983	G948	1
G115	G949	1
G133	G949	1
G165	G949	1
G195	G949	1
G273	G949	1
G399	G949	1
G495	G949	1
G766	G949	1
G783	G949	1
G859	G949	1
G876	G949	1
G956	G949	1
G975	G949	1
G84	G950	1
G676	G950	1
G699	G950	1
G165	G951	1
G423	G951	1
G766	G951	1
G783	G951	1
G859	G951	1
G956	G951	1
G66	G952	1
G153	G952	1
G283	G952	1
G503	G952	1
G845	G952	1
G987	G952	1
G611	G953	1
G8	G954	1
G195	G954	1
G423	G954	1
G766	G954	1
G956	G954	1
G975	G954	1
G36	G955	1
G55	G955	1
G537	G955	1
G554	G955	1
G814	G955	1
G115	G956	1
G133	G956	1
G165	G956	1
G195	G956	1
G273	G956	1
G399	G956	1
G423	G956	1
G474	G956	1
G607	G956	1
G680	G956	1
G766	G956	1
G783	G956	1
G970	G956	1
G209	G957	1
G223	G957	1
G265	G957	1
G598	G957	1
G739	G957	1
G768	G957	1
G771	G957	1
G886	G957	1
G66	G958	1
G153	G958	1
G283	G958	1
G987	G958	1
G360	G959	1
G381	G959	1
G387	G959	1
G780	G959	1
G893	G959	1
G911	G959	1
G261	G960	1
G461	G960	1
G270	G961	1
G556	G961	1
G660	G961	1
G28	G962	1
G33	G962	1
G42	G962	1
G116	G962	1
G219	G962	1
G288	G962	1
G342	G962	1
G478	G962	1
G520	G962	1
G636	G962	1
G661	G962	1
G852	G962	1
G877	G962	1
G963	G962	1
G116	G963	1
G177	G963	1
G534	G963	1
G688	G963	1
G690	G963	1
G877	G963	1
G85	G964	1
G617	G964	1
G780	G964	1
G893	G964	1
G894	G964	1
G611	G965	1
G105	G966	1
G219	G966	1
G409	G966	1
G479	G966	1
G947	G966	1
G976	G967	1
G76	G968	1
G603	G968	1
G651	G968	1
G782	G968	1
G914	G968	1
G975	G968	1
G153	G969	1
G283	G969	1
G503	G969	1
G987	G969	1
G423	G970	1
G36	G974	1
G55	G974	1
G59	G974	1
G141	G974	1
G218	G974	1
G336	G974	1
G380	G974	1
G411	G974	1
G444	G974	1
G537	G974	1
G739	G974	1
G781	G974	1
G853	G974	1
G855	G974	1
G870	G974	1
G889	G974	1
G935	G974	1
G195	G975	1
G423	G975	1
G76	G976	1
G85	G977	1
G609	G977	1
G893	G977	1
G894	G977	1
G9	G978	1
G36	G978	1
G55	G978	1
G68	G978	1
G213	G978	1
G218	G978	1
G220	G978	1
G336	G978	1
G396	G978	1
G526	G978	1
G537	G978	1
G657	G978	1
G761	G978	1
G769	G978	1
G853	G978	1
G871	G978	1
G896	G978	1
G910	G978	1
G955	G978	1
G967	G978	1
G609	G979	1
G780	G979	1
G893	G979	1
G66	G980	1
G283	G980	1
G300	G980	1
G431	G980	1
G530	G980	1
G594	G980	1
G969	G980	1
G987	G980	1
G999	G980	1
G947	G981	1
G84	G982	1
G191	G983	1
G299	G983	1
G363	G983	1
G391	G983	1
G421	G983	1
G483	G983	1
G648	G983	1
G693	G983	1
G790	G983	1
G799	G983	1
G818	G983	1
G66	G984	1
G84	G984	1
G252	G984	1
G300	G984	1
G431	G984	1
G503	G984	1
G510	G984	1
G845	G984	1
G987	G984	1
G85	G985	1
G609	G985	1
G8	G986	1
G133	G986	1
G165	G986	1
G423	G986	1
G766	G986	1
G970	G986	1
G153	G987	1
G225	G987	1
G283	G987	1
G55	G989	1
G141	G989	1
G336	G989	1
G380	G989	1
G808	G989	1
G274	G991	1
G808	G991	1
G84	G992	1
G105	G992	1
G676	G993	1
G699	G993	1
G225	G994	1
G252	G994	1
G283	G994	1
G510	G994	1
G530	G994	1
G655	G994	1
G987	G994	1
G112	G995	1
G122	G995	1
G322	G995	1
G407	G995	1
G429	G995	1
G625	G995	1
G856	G995	1
G971	G995	1
G74	G996	1
G484	G996	1
G808	G996	1
G85	G997	1
G609	G997	1
G780	G997	1
G893	G997	1
G894	G997	1
G928	G997	1
G976	G997	1
G349	G998	1
G153	G999	1
G322	G1000	1
G766	G1000	1
G976	G1000	1
